Ticket Id,Subject,Status,Priority,Source,Type,Company,Requester Name,Requester Email,Requester Phone,Facebook Profile Id,Agent,Group,Created Time,Due by Time,Resolved Time,Closed Time,Last Updated Time,Initial Response Time,Time Tracked,First Response Time (in Hrs),Resolution Time (in Hrs),Agent interactions,Customer interactions,Resolution Status,First Response Status,Tags,Survey Result,Product name,Feature name,Issue Affects,Phone Number
42237,TimeForge Sales Variance.xlsx,Closed,Low,Email,Question,No company,Rallen,rallen@flocomail.com,,,Kasey,Support,2017-03-01 08:09:07,2017-03-06 08:09:07,2017-03-01 08:53:02,2017-03-01 08:53:02,2017-03-01 08:53:02,2017-03-01 08:53:00,00:00,00:43:53,00:43:55,1,1,Within SLA,Within SLA,"",,Human Capital Management Products,Sales,Actual Figures,
42238,DOB report?,Closed,Low,Email,Question,Porter's Thriftway,Sandy Underwood,sandy@myporters.net,432-523-9025,,Kasey,Support,2017-03-01 08:32:52,2017-03-06 08:32:52,2017-03-01 15:29:56,2017-03-01 15:29:56,2017-03-01 15:29:56,2017-03-01 09:15:05,00:00,00:42:13,06:57:04,9,8,Within SLA,Within SLA,"",,Human Capital Management Products,Employees,Reports,
42248,"Join IRCE, the Top E-Commerce & Retail Event of the Industry",Closed,Low,Email,,No company,Digital Transactions News,DTN@digitaltransactions.net,,,No Agent,Support,2017-03-01 12:06:44,2017-03-06 12:06:44,2017-03-01 12:20:20,2017-03-01 12:20:20,2017-03-01 12:20:20,,00:00,00:00:00,00:13:36,0,1,Within SLA,"","",,,,,
42249,Labor Percentages vs Department Sales,Closed,Low,Portal,Question,No company,Libbie Hillmer - Working for Brooke Brewer with Bread Garden Market,libhillm@gmail.com,,,Kasey,Level 1 Support,2017-03-01 12:22:32,2017-03-07 13:55:32,2017-03-07 09:38:46,2017-03-07 09:38:46,2017-03-07 09:38:46,2017-03-01 12:47:38,00:00,00:25:06,33:16:14,7,7,Within SLA,Within SLA,"",,Human Capital Management Products,Timekeeping,Attendance Reports,
42250,Schedule,Closed,Low,Portal,Question,No company,Ed,ed@fourmilebrewing.com,,,Joey,Support,2017-03-01 12:23:39,2017-03-06 12:23:39,2017-03-01 13:51:38,2017-03-01 13:51:38,2017-03-01 13:51:38,2017-03-01 12:34:49,00:00,00:11:10,01:27:59,3,1,Within SLA,Within SLA,"",,Human Capital Management Products,Setup,Payment Information,7163072083
42251,Trying to put in a request,Closed,Low,Portal,Question,No company,Carrie Byrns,cbyrns77@yahoo.com,,,Joey,Support,2017-03-01 13:34:52,2017-03-06 13:34:52,2017-03-01 13:52:51,2017-03-01 13:52:51,2017-03-01 13:52:51,2017-03-01 13:52:35,00:00,00:17:43,00:17:59,1,1,Within SLA,Within SLA,"",,Human Capital Management Products,Scheduling,Daily ShiftBuilder,7086555377
42252,Re: [#42250] Schedule,Closed,Low,Email,Question,No company,Ekinc89361,ekinc89361@gmail.com,,,Joey,Support,2017-03-01 13:40:12,2017-03-06 13:40:12,2017-03-01 13:51:53,2017-03-01 13:51:53,2017-03-01 13:51:53,,00:00,00:00:00,00:11:41,0,1,Within SLA,"","",,Human Capital Management Products,Scheduling,Daily View,
42254,FW: Timeforge,Closed,Low,Email,Question,No company,Vicki Lindsey,vlindsey@johnwesleyvillas.com,,,Joey,Level 1 Support,2017-03-01 14:05:23,2017-03-06 14:11:23,2017-03-01 14:25:44,2017-03-01 14:25:44,2017-03-01 14:25:44,2017-03-01 14:16:51,00:00,00:11:28,00:20:21,1,2,Within SLA,Within SLA,"",,Human Capital Management Products,Scheduling,Adding a New Schedule,
42257,Re: [#42250] Schedule,Closed,Low,Email,Question,No company,Ekinc89361,ekinc89361@gmail.com,,,Joey,Support,2017-03-01 14:23:51,2017-03-06 14:23:51,2017-03-01 14:27:02,2017-03-01 14:27:02,2017-03-01 14:27:02,,00:00,00:00:00,00:03:11,0,1,Within SLA,"","",,Human Capital Management Products,Setup,Payment Information,
42258,Default to Corporate View,Closed,Low,Email,Question,No company,Emily Carey,ecarey@lancercatering.com,,,Joey,Support,2017-03-01 14:58:58,2017-03-06 15:02:58,2017-03-01 15:27:09,2017-03-01 15:27:09,2017-03-01 15:27:09,2017-03-01 15:10:38,00:00,00:11:40,00:28:11,1,2,Within SLA,Within SLA,"",,Human Capital Management Products,Pages,Corporate Today Page,
42260,Pixel Point Syncing Error,Closed,Low,Phone,Problem,Noor Events,Vittorio Virgili,agm@noorevents.com,8184396931,,Donald,Level 3 HCM,2017-03-01 15:25:00,2017-03-06 15:25:00,2017-03-09 16:16:11,2017-03-09 16:16:11,2017-03-09 16:16:11,2017-03-02 17:17:19,00:00,10:35:00,54:51:11,1,2,SLA Violated,SLA Violated,"",,Human Capital Management Products,POS Integrations,PixelPoint,8184396931
42261,Fwd: Porting,Closed,Low,Email,Problem,No company,Joselitoinc,joselitoinc@gmail.com,,,Donald,Level 2 HCM,2017-03-01 15:33:44,2017-03-06 15:33:44,2017-03-01 18:33:50,2017-03-01 18:33:50,2017-03-01 18:33:50,2017-03-01 15:59:02,00:00,00:25:18,01:26:16,2,1,Within SLA,Within SLA,"",,Human Capital Management Products,POS Integrations,Dinerware,
42264,Re: Report Request,Closed,Low,Email,Question,No company,Audrey Hogan,audrey@timeforge.com,"",,Mike,Level 2 HCM,2017-03-01 16:27:33,2017-03-07 09:19:33,2017-03-02 11:26:52,2017-03-02 11:26:52,2017-03-02 11:26:52,2017-03-02 09:14:46,00:00,01:47:13,03:59:19,1,2,Within SLA,SLA Violated,"",,Human Capital Management Products,Employees,Reports,
42265,"",Closed,Low,Email,Question,No company,April Synnott,eat@bayparkfishcompany.com,,,Kasey,Level 1 Support,2017-03-01 16:47:04,2017-03-06 16:47:04,2017-03-01 17:07:54,2017-03-01 17:07:54,2017-03-01 17:07:54,2017-03-01 17:01:31,00:00,00:12:56,00:12:56,1,1,Within SLA,Within SLA,"",,Human Capital Management Products,Employees,New Hires,
42266,"Re: SV Timeforge Error, again.",Closed,Low,Email,Question,No company,Michael.johnson,michael.johnson@lassens.com,,,Joey,Level 2 HCM,2017-03-01 18:35:45,2017-03-07 09:18:00,2017-03-06 12:29:25,2017-03-06 12:29:25,2017-03-06 12:29:25,2017-03-02 10:42:48,00:00,02:42:48,22:29:25,1,3,Within SLA,SLA Violated,"",,Human Capital Management Products,Timekeeping,Break Enforcement,
42267,New Voice Message from (720) 300-9001 on 03/01/2017 at 06:36 PM,Closed,Low,Email,Question,No company,RingCentral,notify@ringcentral.com,,,Joey,Level 1 Support,2017-03-01 18:36:50,2017-03-06 17:00:00,2017-03-02 08:55:34,2017-03-02 08:55:34,2017-03-02 08:55:34,,00:00,00:00:00,00:55:34,0,1,Within SLA,"","",,Human Capital Management Products,Scheduling,Weekly View,
42269,System down!,Closed,Low,Email,Question,No company,Julie Pierce,julie.pierce@gruntworx.com,,,Don,Level 3 HCM,2017-03-02 01:10:52,2017-03-06 17:00:00,2017-03-02 13:07:32,2017-03-02 13:07:32,2017-03-02 13:07:32,2017-03-02 02:48:11,00:00,00:00:00,05:07:32,1,1,Within SLA,Within SLA,"",,Human Capital Management Products,Pages,Corporate Today Page,
42270,"Bug TimeForge : March 2, 2017, at 10 am.",Closed,Low,Email,Question,No company,Hery Nantenaina Frida RANDRIANARIVONY,frida@eufonie.fr,,,Don,Support,2017-03-02 01:22:25,2017-03-06 17:00:00,2017-03-02 08:14:32,2017-03-02 08:14:32,2017-03-02 08:14:32,2017-03-02 02:00:56,00:00,00:00:00,00:14:32,1,2,Within SLA,Within SLA,"",,Human Capital Management Products,Timekeeping,Manage Attendance,
42271,INC0169219 - Store 257: Error 503 on TimeForge website,Closed,Low,Email,Question,No company,Sprouts Support Desk,supportdesk@sprouts.com,,,No Agent,Support,2017-03-02 01:40:15,2017-03-06 17:00:00,2017-03-02 08:14:09,2017-03-02 08:14:09,2017-03-02 08:14:09,2017-03-02 01:55:24,00:00,00:00:00,00:14:09,1,1,Within SLA,Within SLA,"",,Human Capital Management Products,Timekeeping,Corporate/Location URL Clock,
42280,New Voice Message from (843) 409-4369 on 03/02/2017 at 07:57 AM,Closed,Low,Email,Question,No company,RingCentral,notify@ringcentral.com,,,Kasey,Level 1 Support,2017-03-02 07:57:12,2017-03-06 17:00:00,2017-03-02 08:39:39,2017-03-02 08:39:39,2017-03-02 08:39:39,,00:00,00:00:00,00:39:39,0,1,Within SLA,"","",,Human Capital Management Products,Sales,Manager Projections,
42282,TimeForge Sales Variance.xlsx,Closed,Low,Email,Question,No company,Rallen,rallen@flocomail.com,,,Kasey,Level 1 Support,2017-03-02 08:04:15,2017-03-07 08:04:15,2017-03-02 13:52:01,2017-03-02 13:52:01,2017-03-02 13:52:01,2017-03-02 09:27:50,00:00,01:23:35,05:47:46,2,1,Within SLA,SLA Violated,"",,Human Capital Management Products,Sales,Actual Figures,
42283,report not received,Closed,Low,Email,Question,Porter's Thriftway,Sandy Underwood,sandy@myporters.net,432-523-9025,,Kasey,Level 1 Support,2017-03-02 08:22:20,2017-03-07 08:22:20,2017-03-02 09:54:48,2017-03-02 09:54:48,2017-03-02 09:54:48,2017-03-02 09:26:11,00:00,01:03:51,01:32:28,2,1,Within SLA,SLA Violated,"",,Human Capital Management Products,Timekeeping,Attendance Reports,
42284,Username / Password,Closed,Low,Email,Question,No company,Cameron Rizzoli,cameronkrizzoli@gmail.com,,,Joey,Level 1 Support,2017-03-02 08:31:27,2017-03-07 08:40:27,2017-03-02 08:55:23,2017-03-02 08:55:23,2017-03-02 08:55:23,2017-03-02 08:36:55,00:00,00:05:28,00:23:56,2,2,Within SLA,Within SLA,"",,Human Capital Management Products,Timekeeping,Web clock in,
42291,Audit Reports Needed,Closed,Low,Email,Question,No company,Emily Carey,ecarey@lancercatering.com,,,Kasey,Level 2 HCM,2017-03-02 10:06:59,2017-03-07 10:14:59,2017-03-02 16:52:29,2017-03-02 16:52:29,2017-03-02 16:52:29,2017-03-02 13:55:36,00:00,03:48:37,06:45:30,4,3,Within SLA,SLA Violated,"",,Human Capital Management Products,Employees,Reports,
42292,RE: Univ. of Central Oklahoma - Renewal,Closed,Low,Email,Question,No company,UCO OIT Business Manager,OITbusmgr@uco.edu,,,Joey,Level 1 Support,2017-03-02 11:00:19,2017-03-07 11:00:19,2017-03-02 14:14:40,2017-03-02 14:14:40,2017-03-02 14:14:40,2017-03-02 11:36:38,00:00,00:36:19,03:14:21,2,2,Within SLA,Within SLA,"",,Human Capital Management Products,Setup,Payment Information,
42293,CNP Expo Announces Keynote Speaker,Closed,Low,Email,,No company,Digital Transactions News,DTN@digitaltransactions.net,,,No Agent,Support,2017-03-02 12:08:07,2017-03-07 12:08:07,2017-03-02 12:19:55,2017-03-02 12:19:55,2017-03-02 12:19:55,,00:00,00:00:00,00:11:48,0,1,Within SLA,"","",,,,,
42294,INC0169391 - Store 222 - Labor hours scheduled,Closed,Low,Email,Question,No company,Sprouts Support Desk,supportdesk@sprouts.com,,,Joey,Level 1 Support,2017-03-02 12:41:01,2017-03-07 12:41:01,2017-03-03 11:18:52,2017-03-03 11:18:52,2017-03-03 11:18:52,2017-03-02 14:45:35,00:00,02:04:34,07:37:51,1,1,Within SLA,SLA Violated,"",,Human Capital Management Products,Scheduling,Breaks,
42295,New Position - Cashier Fuel Station,Closed,Medium,Phone,Question,No company,Joe Sowell,jsowell@flocomail.com,,,Kasey,Level 1 Support,2017-03-02 12:51:16,2017-03-03 12:51:16,2017-03-02 12:51:56,2017-03-02 12:51:56,2017-03-02 12:51:56,2017-03-02 12:51:41,00:00,00:00:25,00:00:40,1,1,Within SLA,Within SLA,"",,Human Capital Management Products,Scheduling,Adding a New Schedule,
42296,FW: invoices,Closed,Low,Email,Question,No company,Billing,billing@truno.com,,,Joey,Level 1 Support,2017-03-02 12:58:01,2017-03-07 13:05:01,2017-03-02 13:09:37,2017-03-02 13:09:37,2017-03-02 13:09:37,2017-03-02 13:00:23,00:00,00:02:22,00:11:36,2,3,Within SLA,Within SLA,"",,Human Capital Management Products,Timekeeping,TimeClock Mode,
42298,FW: invoices,Closed,Low,Email,Question,No company,Sunset Hawkins,sruiz@truno.com,,,Joey,Level 1 Support,2017-03-02 13:11:08,2017-03-07 13:17:08,2017-03-02 13:30:28,2017-03-02 13:30:28,2017-03-02 13:30:28,2017-03-02 13:22:46,00:00,00:11:38,00:19:20,1,2,Within SLA,Within SLA,"",,Human Capital Management Products,Setup,Payment Information,
42303,SM Saskatoon - Employees Not Being Updated,Closed,Low,Phone,Problem,No company,Jamie Dutchak,gm.saskatoon@stateandmain.ca,,,Donald,Level 2 HCM,2017-03-02 16:36:10,2017-03-07 16:36:10,2017-03-03 17:15:18,2017-03-03 17:15:18,2017-03-03 17:15:18,2017-03-02 16:41:36,00:00,00:05:26,09:23:50,1,1,Within SLA,Within SLA,"",,Human Capital Management Products,POS Integrations,PixelPoint,
42306,"In this issue: Publish paperback with KDP, Amazon UK Kindle Competition, and more",Closed,Low,Email,,No company,CreateSpace,noreply@createspace.com,,,No Agent,Level 1 Support,2017-03-02 17:04:30,2017-03-07 17:00:00,2017-03-02 17:04:47,2017-03-02 17:04:47,2017-03-02 17:04:47,,00:00,00:00:00,00:00:00,0,1,Within SLA,"","",,,,,
42309,User options,Closed,Low,Portal,Question,No company,April,april@bayparkfishcompany.com,,,Kasey,Level 1 Support,2017-03-02 20:57:43,2017-03-08 08:41:00,2017-03-03 15:29:32,2017-03-03 15:29:32,2017-03-03 15:29:32,2017-03-03 10:19:08,00:00,02:19:08,07:29:32,3,2,Within SLA,SLA Violated,"",,Human Capital Management Products,Timekeeping,Attendance Options,6197264934
42317,TimeForge Sales Variance.xlsx,Closed,Low,Email,Question,No company,Rallen,rallen@flocomail.com,,,Kasey,Level 1 Support,2017-03-03 07:49:06,2017-03-08 08:12:00,2017-03-03 11:06:02,2017-03-03 11:06:02,2017-03-03 11:06:02,2017-03-03 10:53:03,00:00,02:53:03,03:06:02,2,2,Within SLA,SLA Violated,"",,Human Capital Management Products,Sales,Actual Figures,
42318,Scheduled Reports,Closed,Low,Portal,Question,No company,Julie Pierce,julie.pierce@gruntworx.com,,,Joey,Level 1 Support,2017-03-03 09:16:23,2017-03-08 09:38:23,2017-03-03 09:44:33,2017-03-03 09:44:33,2017-03-03 09:44:33,2017-03-03 09:20:40,00:00,00:04:17,00:28:10,1,2,Within SLA,Within SLA,"",,Human Capital Management Products,Scheduling,Daily ShiftBuilder,6034586601
42322,Manager Having Saving Issues,Closed,Low,Email,Question,No company,Emily Carey,ecarey@lancercatering.com,,,Mike,Level 1 Support,2017-03-03 10:23:01,2017-03-08 10:43:01,2017-03-03 12:37:45,2017-03-03 12:37:45,2017-03-03 12:37:45,2017-03-03 12:10:58,00:00,01:47:57,02:14:44,1,2,Within SLA,SLA Violated,"",,Human Capital Management Products,Timekeeping,Edit Attendance,
42325,Mobile Clock in issue,Closed,Medium,Phone,Problem,No company,Paige.foster,paige.foster@paylesscayman.com,,,Joey,Level 2 HCM,2017-03-03 11:56:17,2017-03-06 11:56:17,2017-03-07 13:05:56,2017-03-07 13:05:56,2017-03-07 13:05:56,2017-03-03 12:06:31,00:00,00:10:14,19:09:39,5,4,SLA Violated,Within SLA,"",,Human Capital Management Products,Mobile Employee,TimeClock,
42328,Error in Longmont,Closed,Low,Email,Question,No company,Chads,chads@luckysmarket.com,,,Donald,Level 2 HCM,2017-03-03 12:23:52,2017-03-08 12:45:52,2017-03-06 17:58:54,2017-03-06 17:58:54,2017-03-06 17:58:54,2017-03-03 12:49:00,00:00,00:25:08,13:36:08,3,3,Within SLA,Within SLA,"",,Human Capital Management Products,POS Integrations,ISS45,
42329,Sprouts 803 - Team Member in File but not in Timeforge,Closed,Low,Email,Problem,No company,Michael Grimsley,MichaelGrimsley@sprouts.com,,,Mike,Level 2 HCM,2017-03-03 13:05:38,2017-03-08 13:05:38,2017-03-03 17:27:05,2017-03-03 17:27:05,2017-03-03 17:27:05,2017-03-03 17:27:03,00:00,03:54:22,03:54:22,1,1,Within SLA,SLA Violated,"",,Human Capital Management Products,Importing,Employees,
42331,New store,Closed,Low,Email,Install,No company,Christian Baeza,cbaeza@truno.com,,,Joey,Level 1 Support,2017-03-03 13:19:02,2017-03-08 13:19:02,2017-03-06 14:40:04,2017-03-06 14:40:04,2017-03-06 14:40:04,2017-03-03 13:27:03,00:00,00:08:01,10:21:02,2,1,Within SLA,Within SLA,"",,Human Capital Management Products,POS Integrations,ISS45,
42332,Sprouts 310 - Employee Payroll ID Change,Closed,Low,Phone,Problem,No company,Sprouts Support Desk,supportdesk@sprouts.com,,,Mike,Level 2 HCM,2017-03-03 13:25:21,2017-03-08 13:25:21,2017-03-03 13:25:21,2017-03-03 13:25:21,2017-03-03 13:25:21,,00:00,00:00:00,00:00:00,0,1,Within SLA,"","",,Human Capital Management Products,Non-POS Integrations,ADP,
42333,Sprouts 222 - Employee Request approved but not being recognized,Closed,Low,Email,Question,No company,Michael Grimsley,MichaelGrimsley@sprouts.com,,,Joey,Level 1 Support,2017-03-03 13:28:36,2017-03-08 13:28:36,2017-03-03 13:42:47,2017-03-03 13:42:47,2017-03-03 13:42:47,2017-03-03 13:42:28,00:00,00:13:52,00:14:11,1,1,Within SLA,Within SLA,"",,Human Capital Management Products,Scheduling,AutoScheduler,
42339,Sprouts - When employees are trying to log in they are receiving 401 errors. ,Closed,Medium,Email,Problem,No company,Jordan Lee,jordanlee@sprouts.com,,,Don,Level 2 HCM,2017-03-03 16:11:40,2017-03-06 16:11:40,2017-03-08 08:27:28,2017-03-08 08:27:28,2017-03-08 16:47:37,2017-03-03 17:40:51,00:00,00:48:20,19:15:48,4,4,SLA Violated,Within SLA,"",,Human Capital Management Products,Pages,Corporate Today Page,
42340,New Voice Message from (480) 814-8016 on 03/03/2017 at 04:29 PM,Closed,Low,Email,,No company,RingCentral,notify@ringcentral.com,,,Kasey,Level 1 Support,2017-03-03 16:29:44,2017-03-08 16:29:44,2017-03-03 17:37:09,2017-03-03 17:37:09,2017-03-03 17:37:09,,00:00,00:00:00,00:30:16,0,1,Within SLA,"","",,,,,
42341,Re: Labor Management for Dinerware POS client,Closed,Low,Email,Question,No company,Alison Petrucci,alison@cafeflora.com,,,Kasey,Level 1 Support,2017-03-03 16:42:01,2017-03-08 16:42:01,2017-03-03 17:37:39,2017-03-03 17:37:39,2017-03-03 17:37:39,2017-03-03 17:34:20,00:00,00:17:59,00:17:59,2,2,Within SLA,Within SLA,"",,Human Capital Management Products,POS Integrations,Dinerware,
42343,New Voice Message from (619) 878-0579 on 03/03/2017 at 08:26 PM,Closed,Low,Email,Question,No company,RingCentral,notify@ringcentral.com,,,Kasey,Level 1 Support,2017-03-03 20:26:51,2017-03-08 17:00:00,2017-03-06 09:57:02,2017-03-06 09:57:02,2017-03-06 09:57:02,,00:00,00:00:00,01:57:02,0,1,Within SLA,"","",,Human Capital Management Products,Mobile Employee,Schedule,
42344,employee cannot log in to mobile app,Closed,Low,Email,Problem,No company,RingCentral,notify@ringcentral.com,,,Kasey,Level 1 Support,2017-03-03 20:27:38,2017-03-08 17:00:00,2017-03-06 09:55:53,2017-03-06 09:55:53,2017-03-06 09:55:53,,00:00,00:00:00,01:55:53,0,1,Within SLA,"","",,Human Capital Management Products,Mobile Employee,TimeClock,
42348,"FW: Scheduled Report - Floco Foods, Inc. - Daily Sales Breakdown by Location",Closed,Low,Email,Problem,No company,Joe Sowell,jsowell@flocomail.com,,,Kasey,Level 1 Support,2017-03-04 08:01:33,2017-03-08 17:00:00,2017-03-06 08:33:59,2017-03-06 08:33:59,2017-03-06 08:33:59,2017-03-04 09:31:58,00:00,00:00:00,00:33:59,1,2,Within SLA,Within SLA,"",,Human Capital Management Products,Sales,Actual Figures,
42350,Sprouts 204 - Can't Clock Into ADP,Closed,Low,Email,Question,No company,St204manager,st204manager@sprouts.com,,,Mike,Level 1 Support,2017-03-04 13:46:49,2017-03-08 17:00:00,2017-03-06 11:15:24,2017-03-06 11:15:24,2017-03-06 11:15:24,2017-03-06 11:11:13,00:00,03:11:13,03:15:24,1,2,Within SLA,SLA Violated,"",,Human Capital Management Products,Non-POS Integrations,ADP,
42351,New Voice Message from (306) 260-1530 on 03/04/2017 at 02:02 PM,Closed,Low,Email,,No company,RingCentral,notify@ringcentral.com,,,Donald,Level 1 Support,2017-03-04 14:02:38,2017-03-08 17:00:00,2017-03-06 08:26:46,2017-03-06 08:26:46,2017-03-06 08:26:46,,00:00,00:00:00,00:26:46,0,1,Within SLA,"","",,,,,
42353,New Voice Message from (559) 625-2591 on 03/04/2017 at 02:23 PM,Closed,Low,Email,Problem,No company,RingCentral,notify@ringcentral.com,,,Mike,Level 2 HCM,2017-03-04 14:23:18,2017-03-08 17:00:00,2017-03-06 10:50:48,2017-03-06 10:50:48,2017-03-06 10:50:48,,00:00,00:00:00,02:50:48,0,1,Within SLA,"","",,Human Capital Management Products,POS Integrations,Dinerware,
42354,Employees deleted,Closed,Medium,Portal,Question,No company,Jamie Dutchak,gm.saskatoon@stateandmain.ca,,,Donald,Level 2 HCM,2017-03-04 16:36:18,2017-03-06 17:00:00,2017-03-06 16:10:14,2017-03-06 16:10:14,2017-03-06 16:10:14,2017-03-04 18:36:24,00:00,00:00:00,08:10:14,2,1,Within SLA,Within SLA,"",,Human Capital Management Products,POS Integrations,Dinerware,
42358,TF_Schedules missing?,Closed,Low,Email,Question,No company,Jordan Lee,jordanlee@sprouts.com,,,Mike,Level 2 HCM,2017-03-04 21:43:10,2017-03-08 17:00:00,2017-03-06 09:10:28,2017-03-06 09:10:28,2017-03-06 09:10:28,2017-03-04 22:03:17,00:00,00:00:00,01:10:28,2,2,Within SLA,Within SLA,"",,Human Capital Management Products,Non-POS Integrations,ADP,
42359,sprouts - files not received,Closed,Low,Email,Problem,No company,RingCentral,notify@ringcentral.com,,,Mike,Level 1 Support,2017-03-04 21:44:03,2017-03-08 17:00:00,2017-03-06 09:03:46,2017-03-06 09:03:46,2017-03-06 09:03:46,,00:00,00:00:00,01:03:46,0,1,Within SLA,"","",,Human Capital Management Products,Non-POS Integrations,ADP,
42363,Store Labor Scheduling Alert Notice - TF_PunchData_[mmddyyyy] File does not exist ,Closed,Low,Email,,No company,Globalscape EFT Server,EFTServer@sprouts.com,,,No Agent,Level 1 Support,2017-03-05 02:30:14,2017-03-08 17:00:00,2017-03-06 08:59:02,2017-03-06 08:59:02,2017-03-06 08:59:02,,00:00,00:00:00,00:59:02,0,1,Within SLA,"","",,,,,
42364,Store Labor Scheduling Alert Notice - TF_EMPLOYEES_[mmddyyyy] File does not exist,Closed,Low,Email,,No company,Globalscape EFT Server,EFTServer@sprouts.com,,,No Agent,Level 1 Support,2017-03-05 02:30:17,2017-03-08 17:00:00,2017-03-06 08:59:03,2017-03-06 08:59:03,2017-03-06 08:59:03,,00:00,00:00:00,00:59:03,0,1,Within SLA,"","",,,,,
42365,TIMEFORGE ALERT: TF_PunchData file does not exist!,Closed,Low,Email,,No company,Dma,DMA@sprouts.com,,,No Agent,Level 1 Support,2017-03-05 03:30:15,2017-03-08 17:00:00,2017-03-06 08:59:03,2017-03-06 08:59:03,2017-03-06 08:59:03,,00:00,00:00:00,00:59:03,0,1,Within SLA,"","",,,,,
42366,TIMEFORGE ALERT: TF_EMPLOYEES file does not exist!,Closed,Low,Email,,No company,Dma,DMA@sprouts.com,,,No Agent,Level 1 Support,2017-03-05 03:30:16,2017-03-08 17:00:00,2017-03-06 08:59:03,2017-03-06 08:59:03,2017-03-06 08:59:03,,00:00,00:00:00,00:59:03,0,1,Within SLA,"","",,,,,
42374,Urgent Voice Message from (909) 484-9700 on 03/05/2017 at 05:32 PM,Closed,Low,Email,Problem,No company,RingCentral,notify@ringcentral.com,,,Kasey,Level 1 Support,2017-03-05 17:33:01,2017-03-08 17:00:00,2017-03-05 17:48:24,2017-03-05 17:48:24,2017-03-05 17:48:24,,00:00,00:00:00,00:00:00,0,1,Within SLA,"","",,Human Capital Management Products,Timekeeping,S900,
42382,FW: Time forge,Closed,Low,Email,Question,No company,Joe Sowell,jsowell@flocomail.com,,,Kasey,Level 1 Support,2017-03-06 06:54:28,2017-03-08 17:00:00,2017-03-09 10:01:09,2017-03-09 10:01:09,2017-03-09 10:01:09,2017-03-06 08:23:27,00:00,00:23:27,29:01:09,6,5,SLA Violated,Within SLA,"",,Human Capital Management Products,Timekeeping,Payroll Exports,
42386,TimeForge Sales Variance.xlsx,Closed,Low,Email,Question,No company,Rallen,rallen@flocomail.com,,,Kasey,Level 1 Support,2017-03-06 07:45:20,2017-03-08 17:00:00,2017-03-06 13:14:26,2017-03-06 13:14:26,2017-03-06 13:14:26,2017-03-06 13:14:24,00:00,05:14:24,05:14:26,1,1,Within SLA,SLA Violated,"",,Human Capital Management Products,Sales,Actual Figures,
42387,"Market Square 709 in Checotah, OK",Closed,Low,Email,Problem,No company,Louis Schlegel,lschlegel@truno.com,,,Mike,Level 2 HCM,2017-03-06 08:26:55,2017-03-09 08:26:55,2017-03-09 11:03:22,2017-03-09 11:03:22,2017-03-09 11:03:22,2017-03-06 08:58:29,00:00,00:31:34,29:36:27,6,6,SLA Violated,Within SLA,"",,Human Capital Management Products,POS Integrations,ISS45,
42388,Read Industry Insights from TRUNO,Closed,Low,Email,,No company,TRUNO Customer Update,marketing@truno.com,,,No Agent,Level 1 Support,2017-03-06 09:00:48,2017-03-09 09:00:48,2017-03-06 09:10:11,2017-03-06 09:10:11,2017-03-06 09:10:11,,00:00,00:00:00,00:09:23,0,1,Within SLA,"","",,,,,
42392,Re: FW: sales,Closed,Low,Email,Problem,No company,Mike Husman,Mike@buchefoods.com,,,Kasey,Level 1 Support,2017-03-06 09:45:08,2017-03-09 09:45:08,2017-03-09 12:20:56,2017-03-09 12:20:56,2017-03-09 12:20:56,2017-03-09 10:23:21,00:00,27:38:13,29:35:48,3,2,SLA Violated,SLA Violated,"",,Human Capital Management Products,POS Integrations,ISS45,
42393,Final Countdown: Top 10 HR Cloud Solution Providers 2017,Closed,Low,Email,,No company,Xavier Thomas,xavier.t@hrtechoutlook.com,,,No Agent,Level 1 Support,2017-03-06 09:46:00,2017-03-09 09:46:00,2017-03-06 09:48:41,2017-03-06 09:48:41,2017-03-06 09:48:41,,00:00,00:00:00,00:02:41,0,1,Within SLA,"","",,,,,
42394,Re: questions,Closed,Low,Email,Problem,GF Buche Co,Jody Kotab,Jody@gfbucheco.com,605-384-3847,,Kasey,Level 3 HCM,2017-03-06 10:48:17,2017-03-09 10:48:17,2017-03-07 09:22:15,2017-03-07 09:22:15,2017-03-07 09:22:15,2017-03-07 09:22:13,00:00,07:33:56,07:33:58,1,1,Within SLA,SLA Violated,"",,Human Capital Management Products,Timekeeping,Approve/Export Payroll,
42395,Sprouts 147 - No schedules in file,Closed,Low,Email,Problem,No company,Michael Grimsley,MichaelGrimsley@sprouts.com,,,Mike,Level 3 HCM,2017-03-06 10:50:05,2017-03-09 10:50:05,2017-03-06 13:41:44,2017-03-06 13:41:44,2017-03-06 13:41:44,2017-03-06 11:32:50,00:00,00:42:45,02:51:39,3,4,Within SLA,Within SLA,"",,Human Capital Management Products,Non-POS Integrations,ADP,
42396,Fosters Avis - Removing Schedules,Closed,Low,Phone,Problem,No company,Paige.foster,paige.foster@paylesscayman.com,,,Joey,Level 2 HCM,2017-03-06 10:59:34,2017-03-09 10:59:34,2017-03-06 17:55:24,2017-03-06 17:55:24,2017-03-06 17:55:24,2017-03-06 13:42:28,00:00,02:42:54,06:00:26,1,1,Within SLA,SLA Violated,"",,Human Capital Management Products,Scheduling,Adding a New Schedule,
42397,Fwd: TimeForge synchronization notification,Closed,Low,Email,Question,No company,Roz Edison,roz@marinationmobile.com,,,Donald,Level 2 HCM,2017-03-06 11:33:15,2017-03-09 11:33:15,2017-03-08 13:06:21,2017-03-08 13:06:21,2017-03-08 13:06:22,,00:00,00:00:00,19:33:06,0,1,Within SLA,"","",,Human Capital Management Products,POS Integrations,,
42398,question about PTO error message,Closed,Low,Email,Question,Porter's Thriftway,Sandy Underwood,sandy@myporters.net,432-523-9025,,Kasey,Level 2 HCM,2017-03-06 11:38:37,2017-03-09 11:38:37,2017-03-06 13:17:14,2017-03-06 13:17:14,2017-03-06 13:17:14,2017-03-06 12:28:51,00:00,00:50:14,01:38:37,3,4,Within SLA,Within SLA,"",,Human Capital Management Products,PTO and Leave,PTO Approval,
42399,[Free Schedule Template] Your site has updated to WordPress 4.7.3,Closed,Low,Email,,No company,WordPress,wordpress@freescheduletemplate.com,,,No Agent,Level 1 Support,2017-03-06 11:49:20,2017-03-09 11:49:20,2017-03-06 11:49:44,2017-03-06 11:49:44,2017-03-06 11:49:44,,00:00,00:00:00,00:00:24,0,1,Within SLA,"","",,,,,
42402,TimeForge and the 2017 Top 25 HR Technology Companies by CIO Applications Magazine,Closed,Low,Email,,No company,Charlie Brown,charliea@cioapplications.com,,,No Agent,Level 1 Support,2017-03-06 12:08:46,2017-03-09 12:08:46,2017-03-06 12:34:12,2017-03-06 12:34:12,2017-03-06 12:34:12,,00:00,00:00:00,00:25:26,0,1,Within SLA,"","",,,,,
42403,No PTO accruals showing in Van Horn location,Closed,Low,Email,Question,Porter's Thriftway,Sandy Underwood,sandy@myporters.net,432-523-9025,,Kasey,Level 1 Support,2017-03-06 12:11:03,2017-03-09 12:11:03,2017-03-06 13:16:59,2017-03-06 13:16:59,2017-03-06 13:16:59,2017-03-06 12:15:14,00:00,00:04:11,01:05:56,5,4,Within SLA,Within SLA,"",,Human Capital Management Products,PTO and Leave,PTO Balances,
42405,[Obamacare: A Handbook for Employers] Your site has updated to WordPress 4.7.3,Closed,Low,Email,,No company,WordPress,wordpress@guidetoobamacare.com,,,No Agent,Level 1 Support,2017-03-06 12:33:10,2017-03-09 12:33:10,2017-03-06 12:34:12,2017-03-06 12:34:12,2017-03-06 12:34:12,,00:00,00:00:00,00:01:02,0,1,Within SLA,"","",,,,,
42412,Lancer PTO Migration,Closed,Low,Email,Question,No company,Jainam,jainams@timeforge.com,,,No Agent,Level 1 Support,2017-03-06 14:20:55,2017-03-09 14:20:55,2017-03-06 14:42:26,2017-03-06 14:42:26,2017-03-06 14:42:26,,00:00,00:00:00,00:21:31,0,1,Within SLA,"","",,Human Capital Management Products,Timekeeping,BioPad,
42414,Fwd: Store 709,Closed,Low,Email,Problem,No company,Kyle Lindley,kyle@velasquezgroup.com,,,Donald,Level 2 HCM,2017-03-06 14:30:32,2017-03-09 14:30:32,2017-03-06 16:23:13,2017-03-06 16:23:13,2017-03-06 16:23:13,2017-03-06 14:58:16,00:00,00:27:44,01:52:41,2,1,Within SLA,Within SLA,"",,Human Capital Management Products,Sales,Actual Figures,
42416,Log in for ashunta Williams,Closed,Low,Email,Problem,No company,Ashunta James,ashuntaj@icloud.com,,,Joey,Level 1 Support,2017-03-06 16:07:45,2017-03-09 16:07:45,2017-03-06 16:45:58,2017-03-06 16:45:58,2017-03-06 16:45:58,2017-03-06 16:45:55,00:00,00:38:10,00:38:13,1,1,Within SLA,Within SLA,"",,Human Capital Management Products,Pages,Location Today Page,
42419,Error with Lancer Lancer PTO Migration script!,Closed,Low,Email,,No company,Jainam,jainams@timeforge.com,,,No Agent,Level 1 Support,2017-03-06 17:05:36,2017-03-09 17:00:00,2017-03-06 17:07:59,2017-03-06 17:07:59,2017-03-06 17:07:59,,00:00,00:00:00,00:00:00,0,1,Within SLA,"","",,,,,
42421,Original Joes 51st St. - Manager not appering on schedule ,Closed,Low,Phone,Problem,Original Joe's,Stephen,gm.millarcrossing@originaljoes.ca,,,Donald,Level 2 HCM,2017-03-06 17:54:50,2017-03-09 17:00:00,2017-03-06 17:58:23,2017-03-06 17:58:23,2017-03-06 17:58:23,,00:00,00:00:00,00:00:00,0,1,Within SLA,"","",,Human Capital Management Products,Employees,New Hires,
42422,Clocking In,Closed,Low,Portal,Question,No company,Hadley Mann,gm.sprucegrove@stateandmain.ca,,,Donald,Level 2 HCM,2017-03-06 18:04:44,2017-03-09 17:00:00,2017-03-08 16:21:59,2017-03-08 16:21:59,2017-03-08 16:21:59,2017-03-07 09:15:54,00:00,01:15:54,17:21:59,2,2,Within SLA,SLA Violated,"",,Human Capital Management Products,POS Integrations,PixelPoint,7809481445
42423,PTO accurall not getting removed from employees,Closed,Medium,Phone,Problem,No company,Janerenfroe,janerenfroe@gmail.com,,,Mike,Level 2 HCM,2017-03-06 18:09:33,2017-03-07 17:00:00,2017-03-09 15:33:48,2017-03-09 15:33:48,2017-03-09 15:33:48,,00:00,00:00:00,25:33:48,0,1,SLA Violated,"","",,Human Capital Management Products,PTO and Leave,PTO Balances,
42424,New Voice Message from (901) 205-7383 on 03/06/2017 at 06:48 PM,Closed,Low,Email,Question,No company,RingCentral,notify@ringcentral.com,,,Joey,Level 1 Support,2017-03-06 18:48:05,2017-03-09 17:00:00,2017-03-07 08:03:53,2017-03-07 08:03:53,2017-03-07 08:03:53,,00:00,00:00:00,00:03:53,0,1,Within SLA,"","",,Human Capital Management Products,Employees,New Hires,
42426,Login,Closed,Low,Email,Question,No company,Porsha Maclin,porsha.maclin@yahoo.com,,,Joey,Level 1 Support,2017-03-06 21:48:39,2017-03-09 17:00:00,2017-03-07 08:02:19,2017-03-07 08:02:19,2017-03-07 08:02:19,2017-03-07 08:02:04,00:00,00:02:04,00:02:19,1,1,Within SLA,Within SLA,"",,Human Capital Management Products,Timekeeping,Web clock in,
42428,Fwd: TimeForge synchronization notification,Closed,Low,Email,Question,No company,Roz Edison,roz@marinationmobile.com,,,Donald,Level 1 Support,2017-03-06 23:15:20,2017-03-10 08:28:00,2017-03-08 18:47:44,2017-03-08 18:47:44,2017-03-08 18:47:44,2017-03-07 08:00:21,00:00,00:00:21,18:00:00,3,3,Within SLA,Within SLA,"",,Human Capital Management Products,Timekeeping,Web clock in,
42435,TimeForge Sales Variance.xlsx,Closed,Low,Email,Question,No company,Rallen,rallen@flocomail.com,,,Donald,Level 2 HCM,2017-03-07 08:30:36,2017-03-10 09:48:36,2017-03-08 10:27:34,2017-03-08 10:27:34,2017-03-08 10:27:34,2017-03-07 09:17:37,00:00,00:47:01,10:56:58,1,1,Within SLA,Within SLA,"",,Human Capital Management Products,Sales,Actual Figures,
42436,Fwd: TimeForge synchronization notification,Closed,Low,Email,,No company,Roz Edison,roz@marinationmobile.com,,,No Agent,Level 1 Support,2017-03-07 09:05:27,2017-03-10 09:05:27,2017-03-07 09:19:09,2017-03-07 09:19:09,2017-03-07 09:19:10,,00:00,00:00:00,00:13:42,0,1,Within SLA,"","",,,,,
42437,Fwd: TimeForge synchronization notification,Closed,Low,Email,,No company,Roz Edison,roz@marinationmobile.com,,,No Agent,Level 1 Support,2017-03-07 09:06:29,2017-03-10 09:06:29,2017-03-07 09:17:40,2017-03-07 09:17:40,2017-03-07 09:18:02,,00:00,00:00:00,00:11:11,0,1,Within SLA,"","",,,,,
42439,Voting is open! Will you make us #1?,Closed,Low,Email,,No company,Choice Privileges,email_choiceprivileges@your.choicehotels.com,,,No Agent,Level 1 Support,2017-03-07 10:10:35,2017-03-10 10:10:35,2017-03-07 10:16:54,2017-03-07 10:16:54,2017-03-07 10:16:54,,00:00,00:00:00,00:06:19,0,1,Within SLA,"","",,,,,
42446,Manual Attendance Entry Deleted,Closed,Low,Email,Question,No company,Emily Carey,ecarey@lancercatering.com,,,Mike,Level 2 HCM,2017-03-07 11:56:23,2017-03-10 11:56:23,2017-03-07 12:17:33,2017-03-07 12:17:33,2017-03-07 12:17:33,2017-03-07 12:16:20,00:00,00:19:57,00:21:10,1,2,Within SLA,Within SLA,"",,Human Capital Management Products,Timekeeping,Attendance Reports,
42447,Absolute Last Week to Save: SHOPTALK Prices Go Up Friday,Closed,Low,Email,,No company,Digital Transactions News,DTN@digitaltransactions.net,,,No Agent,Level 1 Support,2017-03-07 12:08:43,2017-03-10 12:08:43,2017-03-07 12:09:57,2017-03-07 12:09:57,2017-03-07 12:09:57,,00:00,00:00:00,00:01:14,0,1,Within SLA,"","",,,,,
42449,edits,Closed,Low,Email,Question,No company,Lisa.filozof,lisa.filozof@pathways.com,,,Donald,Level 2 HCM,2017-03-07 13:25:41,2017-03-10 13:25:41,2017-03-14 17:41:53,2017-03-14 17:41:53,2017-03-14 17:41:53,2017-03-10 15:50:21,00:00,29:24:40,48:16:12,1,1,SLA Violated,SLA Violated,"",,Human Capital Management Products,Timekeeping,Manage Attendance,
42452,FLOCO 81: Employee hour exports vs. FLOCO Payroll Export Variance,Closed,Low,Phone,Question,No company,Manager81,manager81@flocofoods.com,,,Kasey,Level 2 HCM,2017-03-07 14:30:32,2017-03-10 14:30:32,2017-03-08 09:38:33,2017-03-08 09:38:33,2017-03-08 09:38:33,,00:00,00:00:00,04:08:01,0,1,Within SLA,"","",,Human Capital Management Products,Timekeeping,Payroll Exports,8038544315
42453,SUCCESS: Lancer PTO Migration,Closed,Low,Email,Question,No company,TimeForge Batch,batch@timeforge.com,,,Jainam,Level 3 HCM,2017-03-07 14:34:53,2017-03-10 14:34:53,2017-03-07 15:48:00,2017-03-07 15:48:00,2017-03-07 15:48:00,,00:00,00:00:00,01:13:07,0,1,Within SLA,"","",,Human Capital Management Products,PTO and Leave,PTO Balances,
42457,FW: Store 305 has empty schedules,Closed,Low,Email,Question,No company,Michael Grimsley,MichaelGrimsley@sprouts.com,,,Mike,Level 1 Support,2017-03-07 16:03:26,2017-03-15 12:07:26,2017-03-10 13:03:15,2017-03-10 13:03:15,2017-03-10 13:03:15,2017-03-07 16:10:02,00:00,00:06:36,23:59:49,4,6,Within SLA,Within SLA,"",,Human Capital Management Products,Non-POS Integrations,Ultimate Software,
42460,Sprouts sales - 326 Wheat Ridge,Closed,Medium,Phone,Problem,No company,Jainam,jainams@timeforge.com,,,Kasey,Support,2017-03-07 17:10:20,2017-03-08 17:00:00,2017-03-08 14:37:50,2017-03-08 14:37:50,2017-03-08 14:37:50,2017-03-08 14:37:48,00:00,06:37:48,06:37:50,1,1,Within SLA,SLA Violated,"",,Human Capital Management Products,Sales,Actual Figures,
42463,TimeClock Error,Closed,Medium,Phone,Problem,No company,Berry,berry@fiestafoods.net,,,Donald,Level 3 HCM,2017-03-07 17:40:24,2017-03-08 17:00:00,2017-03-08 16:13:40,2017-03-08 16:13:40,2017-03-08 16:13:40,,00:00,00:00:00,08:13:40,0,1,Within SLA,"","",,Human Capital Management Products,Timekeeping,S900,8066837425
42464,Lassns BK Robert Chaidez,Closed,Low,Email,Question,No company,Michael.johnson,michael.johnson@lassens.com,,,Joey,Level 1 Support,2017-03-07 18:00:28,2017-03-14 17:27:00,2017-03-10 07:55:32,2017-03-10 07:55:32,2017-03-10 07:55:32,2017-03-08 08:15:33,00:00,00:15:33,18:00:00,2,4,Within SLA,Within SLA,"",,Human Capital Management Products,Scheduling,Breaks,
42465,New Voice Message from (661) 414-1109 on 03/07/2017 at 06:14 PM,Closed,Low,Email,Question,No company,RingCentral,notify@ringcentral.com,,,Joey,Level 1 Support,2017-03-07 18:14:48,2017-03-10 17:00:00,2017-03-08 08:17:54,2017-03-08 08:17:54,2017-03-08 08:17:54,,00:00,00:00:00,00:17:54,0,1,Within SLA,"","",,Human Capital Management Products,Timekeeping,BioPad,
42466,New Voice Message from (915) 493-1298 on 03/07/2017 at 06:36 PM,Closed,Low,Email,Question,No company,RingCentral,notify@ringcentral.com,,,Joey,Level 1 Support,2017-03-07 18:36:45,2017-03-10 17:00:00,2017-03-08 08:58:55,2017-03-08 08:58:55,2017-03-08 08:58:55,,00:00,00:00:00,00:58:55,0,1,Within SLA,"","",,Human Capital Management Products,Timekeeping,Manage Attendance,
42467,videos not working,Closed,Low,Portal,Question,No company,Lisa Tolido,lisa.tolido@thewinegroup.com,,,Joey,Level 1 Support,2017-03-07 19:42:07,2017-03-10 17:00:00,2017-03-08 08:09:13,2017-03-08 08:09:13,2017-03-08 08:09:13,2017-03-08 08:08:36,00:00,00:08:36,00:09:13,1,1,Within SLA,Within SLA,"",,Human Capital Management Products,Timekeeping,Web clock in,7047373222
42469,Leads for Yesterday for Wed Mar 8 02:10:02 CST 2017,Closed,Low,Email,Question,No company,root,root@apollo.timeforge.com,,,Joey,Level 1 Support,2017-03-08 02:10:16,2017-03-10 17:00:00,2017-03-08 08:02:46,2017-03-08 08:02:46,2017-03-08 08:02:46,,00:00,00:00:00,00:02:46,0,1,Within SLA,"","",,Human Capital Management Products,Timekeeping,Web clock in,
42476,ADP TF_Employees and TF_PunchData is ready for processing,Closed,Low,Email,Question,No company,Spencer Graham,spencergraham@sprouts.com,,,Mike,Level 3 HCM,2017-03-08 04:29:02,2017-03-10 17:00:00,2017-03-08 10:22:59,2017-03-08 10:22:59,2017-03-08 10:22:59,,00:00,00:00:00,02:22:59,0,1,Within SLA,"","",,Human Capital Management Products,Importing,Attendance,
42478,FW: Scheduled Report - Doc's Food Stores Inc. - Daily Sales Breakdown by Location,Closed,Low,Email,Question,No company,Jim Brown,jbrown@docsfoods.com,"",,Joey,Level 1 Support,2017-03-08 06:26:19,2017-03-10 17:00:00,2017-03-08 08:46:42,2017-03-08 08:46:42,2017-03-08 08:46:42,2017-03-08 08:46:37,00:00,00:46:37,00:46:42,1,1,Within SLA,Within SLA,"",,Human Capital Management Products,Sales,Actual Figures,
42480,SUCCESS: Lancer PTO Migration,Closed,Low,Email,Question,No company,TimeForge Batch,batch@timeforge.com,,,Joey,Level 1 Support,2017-03-08 07:00:13,2017-03-10 17:00:00,2017-03-08 07:59:43,2017-03-08 07:59:43,2017-03-08 07:59:43,,00:00,00:00:00,00:00:00,0,1,Within SLA,"","",,Human Capital Management Products,PTO and Leave,PTO Balances,
42481,TimeForge Sales Variance.xlsx,Closed,Low,Email,Question,No company,Rallen,rallen@flocomail.com,,,Kasey,Level 1 Support,2017-03-08 07:41:16,2017-03-10 17:00:00,2017-03-08 14:39:48,2017-03-08 14:39:48,2017-03-08 14:39:48,2017-03-08 14:39:46,00:00,06:39:46,06:39:48,1,1,Within SLA,SLA Violated,"",,Human Capital Management Products,Sales,Actual Figures,
42483,Fwd: Schedule Exceptions McGehee Road,Closed,Low,Email,Question,No company,Rob Renfroe,robrenfroe@renfroesmarket.com,,,Joey,Level 1 Support,2017-03-08 08:34:11,2017-03-13 09:34:11,2017-03-08 08:52:36,2017-03-08 08:52:36,2017-03-08 08:52:36,2017-03-08 08:52:32,00:00,00:18:21,00:18:25,1,1,Within SLA,Within SLA,"",,Human Capital Management Products,Scheduling,Shift Confirmations,
42485,question about employee lists,Closed,Low,Email,Question,Porter's Thriftway,Sandy Underwood,sandy@myporters.net,432-523-9025,,Joey,Level 1 Support,2017-03-08 09:09:56,2017-03-13 10:23:56,2017-03-08 09:45:23,2017-03-08 09:45:23,2017-03-08 09:45:23,2017-03-08 09:16:44,00:00,00:06:48,00:35:27,2,4,Within SLA,Within SLA,"",,Human Capital Management Products,Pages,Employees Page,
42486,FW: Glenpool all 4 lanes,Closed,Low,Email,Question,No company,Barry Adams,scanoff@docsfoods.com,9183668238,,Donald,Level 1 Support,2017-03-08 09:31:38,2017-03-13 10:31:38,2017-03-09 10:18:42,2017-03-09 10:18:42,2017-03-09 10:18:42,2017-03-08 09:35:52,00:00,00:04:14,09:47:04,2,2,Within SLA,Within SLA,"",,Human Capital Management Products,POS Integrations,ISS45,
42488,FW: Scheduled Report - 280 Bakersfield - Sales Analysis Graphs,Closed,Low,Email,Question,No company,Michael Grimsley,MichaelGrimsley@sprouts.com,,,Kasey,Level 1 Support,2017-03-08 10:39:24,2017-03-13 12:41:24,2017-03-09 16:28:41,2017-03-09 16:28:41,2017-03-09 16:28:41,2017-03-08 12:08:14,00:00,01:28:50,14:49:17,7,6,Within SLA,SLA Violated,"",,Human Capital Management Products,Employees,Reports,
42489,Sprouts 326 - TF Not reporting sales,Closed,Low,Email,Question,No company,Michael Grimsley,MichaelGrimsley@sprouts.com,,,Joey,Level 2 HCM,2017-03-08 11:39:59,2017-03-13 12:39:59,2017-03-08 12:11:17,2017-03-08 12:11:17,2017-03-08 12:11:17,2017-03-08 12:11:14,00:00,00:31:15,00:31:18,1,2,Within SLA,Within SLA,"",,Human Capital Management Products,Sales,Actual Figures,
42490,Re: Final Countdown: Top 10 HR Cloud Solution Providers 2017,Closed,Low,Email,Question,No company,Xavier Thomas,xavier.t@hrtechoutlook.com,,,Joey,Level 1 Support,2017-03-08 12:22:29,2017-03-13 13:22:29,2017-03-08 12:40:56,2017-03-08 12:40:56,2017-03-08 12:40:56,,00:00,00:00:00,00:18:27,0,1,Within SLA,"","",,Human Capital Management Products,Non-Support,Solicitation,
42491,Assigning employee in Daily View,Closed,Low,Portal,Question,No company,Julie Pierce,julie.pierce@gruntworx.com,,,Kasey,Level 1 Support,2017-03-08 12:36:41,2017-03-13 13:36:41,2017-03-09 10:00:25,2017-03-09 10:00:25,2017-03-09 10:00:25,2017-03-08 14:28:51,00:00,01:52:10,06:23:44,1,1,Within SLA,SLA Violated,"",,Human Capital Management Products,Scheduling,Daily View,9788524858
42494,timeclock showing incorrect time,Closed,Low,Phone,Problem,No company,Berry,berry@fiestafoods.net,,,Donald,Level 2 HCM,2017-03-08 13:19:14,2017-03-13 14:19:14,2017-03-08 15:02:52,2017-03-08 15:02:52,2017-03-08 15:02:51,,00:00,00:00:00,01:43:38,0,1,Within SLA,"","",,Human Capital Management Products,Timekeeping,S900,8066837425
42496,Adventure Kids - Schedule Daily View,Closed,Low,Phone,Problem,Adventure Kids,Gi Pruden,Gi Pruden,8066837425,,Kasey,Level 1 Support,2017-03-08 14:21:20,2017-03-17 13:20:20,2017-03-15 08:49:15,2017-03-15 08:49:15,2017-03-15 08:49:15,,00:00,00:00:00,38:38:40,0,1,Within SLA,"","",,Human Capital Management Products,Scheduling,Daily View,8066837425
42503,FW: Transfer Functionality,Closed,Low,Email,Question,No company,Emily Carey,ecarey@lancercatering.com,,,Joey,Level 2 HCM,2017-03-08 15:36:57,2017-03-13 16:36:57,2017-03-13 09:05:54,2017-03-13 09:05:54,2017-03-13 09:05:54,2017-03-08 16:04:39,00:00,00:27:42,19:28:57,1,1,Within SLA,Within SLA,"",,Human Capital Management Products,Scheduling,Shift Swaps,
42505,sprouts 418,Closed,Low,Email,Question,No company,Noah Conard,nconard@truno.com,,,Joey,Level 1 Support,2017-03-08 17:52:13,2017-03-13 18:00:00,2017-03-09 15:17:54,2017-03-09 15:17:54,2017-03-09 15:17:54,2017-03-08 18:04:27,00:00,00:00:00,07:17:54,2,2,Within SLA,Within SLA,"",,Human Capital Management Products,POS Integrations,ISS45,
42506,TimeForge,Closed,Low,Email,Question,No company,Armond Poindexter,armondpoindexter31@gmail.com,,,Joey,Level 1 Support,2017-03-08 17:56:24,2017-03-13 18:00:00,2017-03-08 18:02:51,2017-03-08 18:02:51,2017-03-08 18:02:51,2017-03-08 18:02:48,00:00,00:00:00,00:00:00,1,1,Within SLA,Within SLA,"",,Human Capital Management Products,Timekeeping,Employee Approve TimeSheet,
42507,Sprouts - Support Desk Team Member Access,Closed,Low,Email,Question,No company,Michael Grimsley,MichaelGrimsley@sprouts.com,,,Joey,Level 1 Support,2017-03-08 18:22:55,2017-03-13 18:00:00,2017-03-09 08:12:52,2017-03-09 08:12:52,2017-03-09 08:12:52,2017-03-09 08:12:47,00:00,00:12:47,00:12:52,1,1,Within SLA,Within SLA,"",,Human Capital Management Products,Pages,Employees Page,
42509,Question on Timeforge,Closed,Low,Portal,Question,No company,ST326 Manager,st326manager@sprouts.com,,,Kasey,Level 1 Support,2017-03-09 00:37:55,2017-03-13 18:00:00,2017-03-09 08:46:28,2017-03-09 08:46:28,2017-03-09 08:46:28,2017-03-09 08:46:13,00:00,00:46:13,00:46:28,1,1,Within SLA,Within SLA,"",,Human Capital Management Products,Scheduling,Daily View,7203050219
42513,Fwd: Scheduled Report - Doc's Food Stores Inc. - Daily Sales Breakdown by Location,Closed,Low,Email,Question,No company,Jim Brown,jbrown@docsfoods.com,"",,Joey,Level 2 HCM,2017-03-09 06:01:04,2017-03-13 18:00:00,2017-03-10 07:19:48,2017-03-10 07:19:48,2017-03-10 07:19:50,2017-03-09 09:20:11,00:00,01:20:11,09:00:00,1,4,Within SLA,SLA Violated,"",,Human Capital Management Products,Sales,Actual Figures,
42517,TimeForge Sales Variance.xlsx,Closed,Low,Email,Question,No company,Rallen,rallen@flocomail.com,,,Kasey,Level 1 Support,2017-03-09 07:12:56,2017-03-13 18:00:00,2017-03-09 09:59:58,2017-03-09 09:59:58,2017-03-09 09:59:58,2017-03-09 09:59:56,00:00,01:59:56,01:59:58,1,1,Within SLA,SLA Violated,"",,Human Capital Management Products,Sales,Actual Figures,
42519,Winnwood - Time clock slow,Closed,Medium,Email,Question,No company,Nikki Windsor,nicole@winnwoodretire.com,,,Donald,Level 2 HCM,2017-03-09 07:59:52,2017-03-09 17:00:00,2017-03-16 17:08:15,2017-03-16 17:08:15,2017-03-16 17:08:15,2017-03-13 16:55:50,00:00,25:55:50,53:08:15,1,3,SLA Violated,SLA Violated,"",,Human Capital Management Products,Timekeeping,BioPad,
42524,Re: Labor Management for Dinerware POS client,Closed,Low,Email,Question,No company,Alison Petrucci,alison@cafeflora.com,,,Donald,Level 2 HCM,2017-03-09 09:45:53,2017-03-16 10:45:53,2017-03-16 17:55:51,2017-03-16 17:55:51,2017-03-16 17:55:51,2017-03-09 09:53:46,00:00,00:07:53,52:09:58,8,7,SLA Violated,Within SLA,"",,Human Capital Management Products,POS Integrations,Dinerware,
42525,Re: Scheduled Report - Lancer Hospitality - Sales and Labor Excel Comparison,Closed,Low,Email,Question,No company,John Carrillo,jcarrillo@lancercatering.com,,,Joey,Level 1 Support,2017-03-09 10:43:40,2017-03-14 11:43:40,2017-03-09 10:47:43,2017-03-09 10:47:43,2017-03-09 10:47:43,,00:00,00:00:00,00:04:03,0,1,Within SLA,"","",,Human Capital Management Products,Non-Support,Misc,
42527,"[Burn Your Spreadsheets] Please moderate: ""Hello world!""",Closed,Low,Email,,No company,WordPress,wordpress@burnyourspreadsheet.com,,,No Agent,Level 1 Support,2017-03-09 10:49:26,2017-03-14 11:49:26,2017-03-09 11:03:42,2017-03-09 11:03:42,2017-03-09 11:03:42,,00:00,00:00:00,00:14:16,0,1,Within SLA,"","",,,,,
42529,Sprouts 418- New Store,Closed,Low,Email,Question,No company,Michael Grimsley,MichaelGrimsley@sprouts.com,,,Joey,Level 2 HCM,2017-03-09 11:16:41,2017-03-14 12:19:41,2017-03-09 11:22:20,2017-03-09 11:22:20,2017-03-09 11:22:20,2017-03-09 11:18:57,00:00,00:02:16,00:05:39,1,2,Within SLA,Within SLA,"",,Human Capital Management Products,Sales,Actual Figures,
42530,Pay Rate Report,Closed,Low,Email,Question,No company,Emily Carey,ecarey@lancercatering.com,,,Kasey,Level 2 HCM,2017-03-09 12:48:52,2017-03-14 13:48:52,2017-03-13 14:59:15,2017-03-13 14:59:15,2017-03-13 14:59:15,2017-03-09 14:37:00,00:00,01:48:08,19:10:23,5,6,Within SLA,SLA Violated,"",,Human Capital Management Products,Employees,Pay Rates,
42535,FW: Sprouts 222 - Amazon Sales,Closed,Low,Email,Question,No company,Michael Grimsley,MichaelGrimsley@sprouts.com,,,Joey,Level 1 Support,2017-03-09 16:25:33,2017-03-14 17:25:33,2017-03-13 09:05:45,2017-03-13 09:05:45,2017-03-13 09:05:45,2017-03-09 17:30:44,00:00,00:34:27,09:40:12,1,1,Within SLA,Within SLA,"",,Human Capital Management Products,Sales,System Forecasts,
42536,Employee Promotion - El Bardi,Closed,Low,Phone,Question,No company,Dsarabia,dsarabia@elbardi.com,,,Kasey,Level 1 Support,2017-03-09 17:22:21,2017-03-14 18:00:00,2017-03-10 11:40:52,2017-03-10 11:40:52,2017-03-10 11:40:52,2017-03-09 17:23:09,00:00,00:00:00,03:40:52,3,3,Within SLA,Within SLA,"",,Human Capital Management Products,Employees,New Hires,
42538,New Voice Message from (415) 990-9740 on 03/09/2017 at 06:12 PM,Closed,Low,Email,Question,No company,RingCentral,notify@ringcentral.com,,,Donald,Level 2 HCM,2017-03-09 18:12:26,2017-03-14 18:00:00,2017-03-10 15:51:23,2017-03-10 15:51:23,2017-03-10 15:51:23,,00:00,00:00:00,07:51:23,0,1,Within SLA,"","",,Human Capital Management Products,Timekeeping,Manage Attendance,
42543,Fwd: Scheduled Report - Doc's Food Stores Inc. - Daily Sales Breakdown by Location,Closed,Low,Email,Question,No company,Jim Brown,jbrown@docsfoods.com,"",,Joey,Level 1 Support,2017-03-10 06:18:12,2017-03-15 09:14:00,2017-03-10 08:36:42,2017-03-10 08:36:42,2017-03-10 08:36:42,2017-03-09 09:20:11,00:00,8:20:11,00:36:42,2,5,Within SLA,Within SLA,"",,Human Capital Management Products,Sales,Actual Figures,
42545,time incorrect when clocking in,Closed,Low,Portal,Question,No company,Wecarechildcenter,wecarechildcenter@gmail.com,,,Joey,Level 1 Support,2017-03-10 06:28:10,2017-03-14 18:00:00,2017-03-10 11:14:58,2017-03-10 11:14:58,2017-03-10 11:14:58,2017-03-10 07:55:16,00:00,00:00:00,03:14:58,4,5,Within SLA,Within SLA,"",,Human Capital Management Products,Timekeeping,Web clock in,8502943828
42550,New Voice Message from (734) 634-7308 on 03/10/2017 at 07:14 AM,Closed,Low,Email,Question,No company,RingCentral,notify@ringcentral.com,,,Joey,Level 1 Support,2017-03-10 07:15:05,2017-03-14 18:00:00,2017-03-10 07:54:17,2017-03-10 07:54:17,2017-03-10 07:54:17,,00:00,00:00:00,00:00:00,0,1,Within SLA,"","",,Human Capital Management Products,Timekeeping,Manage Attendance,
42552,New Voice Message from (345) 743-1271 on 03/10/2017 at 07:33 AM,Closed,Low,Email,Question,No company,RingCentral,notify@ringcentral.com,,,Joey,Level 1 Support,2017-03-10 07:33:16,2017-03-14 18:00:00,2017-03-10 07:53:11,2017-03-10 07:53:11,2017-03-10 07:53:11,,00:00,00:00:00,00:00:00,0,1,Within SLA,"","",,Human Capital Management Products,Timekeeping,BioPad,
42553,TimeForge Sales Variance.xlsx,Closed,Low,Email,Question,No company,Rallen,rallen@flocomail.com,,,Kasey,Level 1 Support,2017-03-10 08:00:25,2017-03-15 09:14:25,2017-03-10 11:40:22,2017-03-10 11:40:22,2017-03-10 11:40:22,2017-03-10 09:27:29,00:00,01:27:04,03:39:57,3,4,Within SLA,SLA Violated,"",,Human Capital Management Products,Sales,Actual Figures,
42557,FW: Next Week's Scheduler Time Forge ,Closed,Low,Email,Question,No company,Michael Grimsley,MichaelGrimsley@sprouts.com,,,Joey,Level 1 Support,2017-03-10 11:21:15,2017-03-15 12:21:15,2017-03-10 11:33:44,2017-03-10 11:33:44,2017-03-10 11:33:44,2017-03-10 11:30:11,00:00,00:08:56,00:12:29,1,2,Within SLA,Within SLA,"",,Human Capital Management Products,Sales,System Forecasts,
42558,time clock,Closed,Low,Email,Question,No company,Vicki Lindsey,vlindsey@johnwesleyvillas.com,,,Kasey,Level 2 HCM,2017-03-10 12:47:57,2017-03-15 13:47:57,2017-03-13 09:15:04,2017-03-13 09:15:04,2017-03-13 09:15:04,2017-03-10 17:57:07,00:00,04:12:03,04:27:07,1,2,Within SLA,SLA Violated,"",,Human Capital Management Products,Timekeeping,Manage Attendance,
42561,Kreta Lee,Closed,Urgent,Email,Problem,No company,RingCentral,notify@ringcentral.com,,,Don,Level 3 HCM,2017-03-10 16:30:21,2017-03-10 20:30:21,2017-03-11 13:23:50,2017-03-11 13:23:50,2017-03-11 13:23:50,,00:00,00:00:00,00:29:39,0,1,SLA Violated,"","",,Human Capital Management Products,Scheduling,Weekly View,
42562,Employees not receiving messages,Closed,Low,Portal,Question,No company,Jamie Dutchak,gm.saskatoon@stateandmain.ca,,,Joey,Level 1 Support,2017-03-10 16:30:48,2017-03-15 17:30:48,2017-03-13 09:27:06,2017-03-13 09:27:06,2017-03-13 09:27:06,2017-03-13 09:27:02,00:00,00:56:14,00:56:18,1,1,Within SLA,Within SLA,"",,Human Capital Management Products,Employees,Reports,
42564,Issue with Doc's in Watonga,Closed,Medium,Email,Question,No company,Louis Schlegel,lschlegel@truno.com,,,Kasey,Level 2 HCM,2017-03-10 16:37:56,2017-03-13 17:37:56,2017-03-10 17:57:58,2017-03-10 17:57:58,2017-03-10 17:57:58,2017-03-10 17:57:32,00:00,00:22:04,00:22:04,1,2,Within SLA,Within SLA,"",,Human Capital Management Products,Sales,Actual Figures,
42565,FW: TimeForge Compliance Scorecard - Wk8,Open,Low,Email,Question,No company,Michael Grimsley,MichaelGrimsley@sprouts.com,,,Mike,Level 1 Support,2017-03-10 16:39:09,2017-03-15 17:39:09,,,2017-03-20 13:41:58,2017-03-10 17:49:56,00:00,00:20:51,00:00:00,3,5,"",Within SLA,"",,Human Capital Management Products,Timekeeping,Attendance Reports,
42566,Access Denied When Making Template,Closed,Low,Email,Question,No company,Emily Carey,ecarey@lancercatering.com,,,Joey,Level 1 Support,2017-03-10 16:57:18,2017-03-15 17:57:18,2017-03-13 09:05:28,2017-03-13 09:05:28,2017-03-13 09:05:28,2017-03-13 09:05:25,00:00,00:08:07,00:08:10,1,1,Within SLA,Within SLA,"",,Human Capital Management Products,Pages,Location Today Page,
42567,FW: Report needed from TF,Closed,Low,Email,Question,No company,Emily Carey,ecarey@lancercatering.com,,,Kasey,Level 1 Support,2017-03-10 17:18:30,2017-03-15 18:00:00,2017-03-13 15:02:29,2017-03-13 15:02:29,2017-03-13 15:02:29,2017-03-13 10:24:19,00:00,01:24:19,06:02:29,2,3,Within SLA,SLA Violated,"",,Human Capital Management Products,Employees,Reports,
42568,New Rankings & Insights | TimeForge,Closed,Low,Email,,No company,Moz,noreply@moz.com,,,No Agent,Level 1 Support,2017-03-10 17:55:29,2017-03-15 18:00:00,2017-03-10 18:03:50,2017-03-10 18:03:50,2017-03-10 18:03:50,,00:00,00:00:00,00:00:00,0,1,Within SLA,"","",,,,,
42570,Un paid day ,Closed,Low,Email,Question,No company,Jackie Warnock,jwarnock@truno.com,,,Kasey,Level 1 Support,2017-03-10 18:06:18,2017-03-15 18:00:00,2017-03-12 12:44:13,2017-03-12 12:44:13,2017-03-12 12:44:13,2017-03-11 08:33:37,00:00,00:00:00,00:00:00,2,1,Within SLA,Within SLA,"",,Human Capital Management Products,PTO and Leave,Leave Types without PTO,
42577,New Voice Message from (505) 688-5787 on 03/11/2017 at 10:02 AM,Closed,High,Email,Problem,No company,RingCentral,notify@ringcentral.com,,,Kasey,Level 3 HCM,2017-03-11 10:02:46,2017-03-11 18:02:46,2017-03-12 12:08:14,2017-03-12 12:08:14,2017-03-12 12:15:16,,00:00,00:00:00,00:00:00,0,1,SLA Violated,"","",,Human Capital Management Products,Scheduling,Weekly View,
42581,New Voice Message from (202) 291-2404 on 03/11/2017 at 01:24 PM,Closed,Low,Email,Question,No company,RingCentral,notify@ringcentral.com,,,Joey,Level 1 Support,2017-03-11 13:24:50,2017-03-15 18:00:00,2017-03-13 08:52:45,2017-03-13 08:52:45,2017-03-13 08:52:45,,00:00,00:00:00,00:00:00,0,1,Within SLA,"","",,Human Capital Management Products,Setup,Payment Information,
42583,Request for phone chat/product demo,Closed,Low,Email,Sales,No company,Clay Omainsky,clay@fsnoysters.com,,,Audrey Hogan,Sales,2017-03-11 17:25:00,2017-03-15 18:00:00,2017-03-16 09:58:32,2017-03-16 09:58:32,2017-03-16 09:58:32,,00:00,00:00:00,27:58:32,0,1,SLA Violated,"","",,Human Capital Management Products,Non-Support,Misc,
42585,My username and password,Closed,Low,Email,Question,No company,Dionne Elliott,dionnee555@gmail.com,,,Kasey,Level 1 Support,2017-03-11 19:34:03,2017-03-16 15:11:00,2017-03-14 15:13:39,2017-03-14 15:13:39,2017-03-14 15:13:39,2017-03-12 12:41:01,00:00,00:00:00,15:13:39,4,2,Within SLA,Within SLA,"",,Human Capital Management Products,Employees,New Hires,
42590,Sales details,Closed,Low,Email,Question,No company,Wecarechildcenter,wecarechildcenter@gmail.com,,,Joey,Level 1 Support,2017-03-12 04:35:20,2017-03-15 18:00:00,2017-03-13 09:08:10,2017-03-13 09:08:10,2017-03-13 09:08:10,2017-03-13 09:08:07,00:00,00:08:07,00:08:10,1,1,Within SLA,Within SLA,"",,Human Capital Management Products,Sales,Manager Projections,
42594,New Voice Message from (405) 379-3393 on 03/12/2017 at 08:07 AM,Closed,Low,Email,Question,No company,RingCentral,notify@ringcentral.com,,,Joey,Level 1 Support,2017-03-12 08:07:57,2017-03-15 18:00:00,2017-03-13 08:53:01,2017-03-13 08:53:01,2017-03-13 08:53:01,,00:00,00:00:00,00:00:00,0,1,Within SLA,"","",,Human Capital Management Products,Pages,Location Today Page,
42595,Floco 81 - Sales not coming over,Closed,Low,Email,Question,No company,Terrell Kelly,manager81@flocomail.com,,,Kasey,Level 1 Support,2017-03-12 10:17:18,2017-03-15 18:00:00,2017-03-13 09:14:27,2017-03-13 09:14:27,2017-03-13 09:14:27,2017-03-12 12:38:31,00:00,00:00:00,00:14:27,2,1,Within SLA,Within SLA,"",,Human Capital Management Products,Sales,Actual Figures,
42596,sweet frog - daily view doesn't show hours/shifts,Closed,Low,Email,Problem,No company,Laurelsweetfrog,laurelsweetfrog@gmail.com,,,Kasey,Level 1 Support,2017-03-12 10:33:59,2017-03-20 09:24:00,2017-03-15 09:25:03,2017-03-15 09:25:03,2017-03-15 09:25:03,2017-03-15 08:47:07,00:00,18:00:00,18:25:03,1,2,Within SLA,Within SLA,"",,Human Capital Management Products,Scheduling,Daily View,
42597,FW: Marquise Customer Service Invoice request,Closed,Low,Email,Question,No company,"Chiverswilson, Hayley",hchiverswilson@carillion.ca,,,Joey,Level 1 Support,2017-03-12 15:19:55,2017-03-15 18:00:00,2017-03-13 09:10:09,2017-03-13 09:10:09,2017-03-13 09:10:09,2017-03-13 09:10:05,00:00,00:10:05,00:10:09,1,1,Within SLA,Within SLA,"",,Human Capital Management Products,Setup,Payment Information,
42598,New Voice Message from (210) 286-6983 on 03/12/2017 at 04:34 PM,Closed,Low,Email,Question,No company,RingCentral,notify@ringcentral.com,,,Joey,Level 1 Support,2017-03-12 16:34:07,2017-03-15 18:00:00,2017-03-13 08:50:35,2017-03-13 08:50:35,2017-03-13 08:50:35,,00:00,00:00:00,00:00:00,0,1,Within SLA,"","",,Human Capital Management Products,Timekeeping,BioPad,
42601,Fwd: DONOVAN J GATLIN has requested to no longer receive TimeForge messages.,Closed,Low,Email,Question,No company,Joe Sowell,jsowell@flocomail.com,,,Kasey,Level 1 Support,2017-03-12 19:52:56,2017-03-15 18:00:00,2017-03-13 14:38:50,2017-03-13 14:38:50,2017-03-13 14:38:50,2017-03-13 09:46:43,00:00,00:46:43,05:38:50,2,3,Within SLA,Within SLA,"",,Human Capital Management Products,Employees,Reports,
42603,Manager prejections hours are not showing up on the delivery driver schedule.,Closed,Low,Portal,Question,No company,Jgowens,jgowens@mazzios.com,,,Joey,Level 1 Support,2017-03-12 21:12:44,2017-03-15 18:00:00,2017-03-13 09:13:07,2017-03-13 09:13:07,2017-03-13 09:13:07,2017-03-13 09:13:04,00:00,00:13:04,00:13:07,1,1,Within SLA,Within SLA,"",,Human Capital Management Products,Sales,Manager Projections,
42611,"FW: Scheduled Report - Floco Foods, Inc. - Daily Sales Breakdown by Location",Closed,Low,Email,Question,No company,Joe Sowell,jsowell@flocomail.com,,,Kasey,Level 1 Support,2017-03-13 07:03:49,2017-03-15 18:00:00,2017-03-13 08:53:39,2017-03-13 08:53:39,2017-03-13 08:53:39,,00:00,00:00:00,00:00:00,0,2,Within SLA,"","",,Human Capital Management Products,Employees,Reports,
42612,FW: DONOVAN J GATLIN has requested to no longer receive TimeForge messages.,Closed,Low,Email,Question,No company,Joe Sowell,jsowell@flocomail.com,,,Kasey,Level 1 Support,2017-03-13 07:14:06,2017-03-15 18:00:00,2017-03-13 14:39:05,2017-03-13 14:39:05,2017-03-13 14:39:05,,00:00,00:00:00,05:39:05,0,1,Within SLA,"","",,Human Capital Management Products,Employees,Reports,
42614,TimeForge Sales Variance.xlsx,Closed,Low,Email,Question,No company,Rallen,rallen@flocomail.com,,,Kasey,Level 1 Support,2017-03-13 07:53:30,2017-03-15 18:00:00,2017-03-13 15:01:35,2017-03-13 15:01:35,2017-03-13 15:01:35,2017-03-13 15:01:32,00:00,06:01:32,06:01:35,1,1,Within SLA,SLA Violated,"",,Human Capital Management Products,Sales,Sales Reports,
42615,requests,Closed,Low,Email,Question,No company,Vicki Lindsey,vlindsey@johnwesleyvillas.com,,,Joey,Level 1 Support,2017-03-13 08:31:46,2017-03-15 18:00:00,2017-03-13 09:04:37,2017-03-13 09:04:37,2017-03-13 09:04:37,2017-03-13 09:04:33,00:00,00:04:33,00:04:37,1,1,Within SLA,Within SLA,"",,Human Capital Management Products,Pages,Location Today Page,
42618,hadleyoldridge is now following you,Closed,Low,Email,Question,No company,Tumblr,no-reply@tumblr.com,,,Joey,Level 1 Support,2017-03-13 09:07:05,2017-03-16 09:07:05,2017-03-13 09:14:09,2017-03-13 09:14:09,2017-03-13 09:14:09,,00:00,00:00:00,00:07:04,0,1,Within SLA,"","",,Human Capital Management Products,Non-Support,Solicitation,
42621,Clocked In Employee,Closed,Low,Email,Question,No company,Emily Carey,ecarey@lancercatering.com,,,Kasey,Level 1 Support,2017-03-13 09:54:39,2017-03-16 09:54:39,2017-03-13 11:47:17,2017-03-13 11:47:17,2017-03-13 11:47:17,2017-03-13 10:13:50,00:00,00:19:11,01:52:38,3,2,Within SLA,Within SLA,"",,Human Capital Management Products,Timekeeping,S900,
42630,FW: Schedule for Sprouts 123,Closed,Low,Email,Question,No company,Michael Grimsley,MichaelGrimsley@sprouts.com,,,Joey,Level 1 Support,2017-03-13 12:31:11,2017-03-16 12:31:11,2017-03-13 13:54:24,2017-03-13 13:54:24,2017-03-13 13:54:23,2017-03-13 13:38:04,00:00,01:06:53,01:23:13,1,2,Within SLA,SLA Violated,"",,Human Capital Management Products,Scheduling,Copy Schedule Nightly,
42632,Porter's: Andrews Location TimeClock slow,Closed,Medium,Phone,Problem,No company,Sandy,sandy@myporters.com,,,Donald,Level 2 HCM,2017-03-13 13:22:09,2017-03-14 13:22:09,2017-03-13 16:21:09,2017-03-13 16:21:09,2017-03-13 16:21:09,,00:00,00:00:00,02:59:00,0,1,Within SLA,"","",,Human Capital Management Products,Timekeeping,S900,
42635,trying to approve payroll - winnwood retirement,Closed,Low,Email,Question,No company,Vicki Lindsey,vlindsey@johnwesleyvillas.com,,,Joey,Level 1 Support,2017-03-13 13:45:33,2017-03-16 13:45:33,2017-03-13 14:26:33,2017-03-13 14:26:33,2017-03-13 14:26:33,2017-03-13 13:50:44,00:00,00:05:11,00:41:00,2,2,Within SLA,Within SLA,"",,Human Capital Management Products,PTO and Leave,PTO Approval,
42638,BYRON GANT,Closed,Low,Email,Question,No company,Terrell Kelly,manager81@flocomail.com,,,Kasey,Level 1 Support,2017-03-13 15:22:47,2017-03-16 15:22:47,2017-03-13 16:32:05,2017-03-13 16:32:05,2017-03-13 16:32:05,2017-03-13 16:19:31,00:00,00:56:44,01:09:18,1,1,Within SLA,Within SLA,"",,Human Capital Management Products,Timekeeping,Attendance Reports,
42641,Holdenville - timeclock,Closed,Low,Phone,Problem,No company,Mgr-hol,mgr-hol@glninc.com,,,Donald,Level 2 HCM,2017-03-13 16:08:37,2017-03-16 16:08:37,2017-03-14 17:43:06,2017-03-14 17:43:06,2017-03-14 17:43:06,,00:00,00:00:00,10:34:29,0,1,Within SLA,"","",,Human Capital Management Products,Timekeeping,BioPad,4053793393
42642,All employee Leave requests,Closed,Low,Portal,Question,No company,Roz Edison,roz@marinationmobile.com,,,Joey,Level 1 Support,2017-03-13 17:02:17,2017-03-16 17:02:17,2017-03-13 17:05:56,2017-03-13 17:05:56,2017-03-13 17:05:56,2017-03-13 17:05:53,00:00,00:03:36,00:03:39,1,1,Within SLA,Within SLA,"",,Human Capital Management Products,Pages,Employees Page,6178759554
42643,Positions missing in TimeForge ,Closed,Low,Phone,Problem,No company,Gbatdorf,gbatdorf@gmail.com,,,Donald,Level 2 HCM,2017-03-13 17:06:24,2017-03-16 17:06:24,2017-03-14 17:44:01,2017-03-14 17:44:01,2017-03-14 17:44:01,2017-03-13 17:16:26,00:00,00:10:02,09:37:37,1,1,Within SLA,Within SLA,"",,Human Capital Management Products,POS Integrations,Dinerware,
42648,Estimated earning on Employee app,Closed,Low,Portal,Question,No company,Greg,greg@bev-art.com,,,Joey,Support,2017-03-13 22:42:41,2017-03-16 18:00:00,2017-03-14 11:28:36,2017-03-14 11:28:36,2017-03-14 11:28:36,2017-03-14 10:47:40,00:00,01:47:40,02:28:36,1,1,Within SLA,SLA Violated,"",,Human Capital Management Products,Mobile Employee,Attendance,7732337579
42656,TimeForge Sales Variance.xlsx,Closed,Low,Email,Question,No company,Rallen,rallen@flocomail.com,,,Kasey,Level 1 Support,2017-03-14 07:23:35,2017-03-16 18:00:00,2017-03-14 08:51:50,2017-03-14 08:51:50,2017-03-14 08:51:50,2017-03-14 08:51:49,00:00,00:00:00,00:00:00,1,1,Within SLA,Within SLA,"",,Human Capital Management Products,Sales,Actual Figures,
42658,Porters - Andrew - timeclock won't sync,Closed,Low,Phone,Problem,Porters Thriftway,Teddie Shaw,Teddie Shaw,432-523-9023,,Donald,Level 2 HCM,2017-03-14 09:03:21,2017-03-17 09:03:21,2017-03-14 09:53:42,2017-03-14 09:53:42,2017-03-14 09:53:42,,00:00,00:00:00,00:50:21,0,1,Within SLA,"","",,Human Capital Management Products,Timekeeping,S900,
42661,Sprouts 314 Employee Missing from tF,Closed,Low,Phone,Problem,No company,Sprouts Support Desk,supportdesk@sprouts.com,,,Donald,Level 2 HCM,2017-03-14 09:57:38,2017-03-17 09:57:38,2017-03-14 13:47:46,2017-03-14 13:47:46,2017-03-14 13:47:46,2017-03-14 13:23:32,00:00,03:25:54,03:50:08,2,1,Within SLA,SLA Violated,"",,Human Capital Management Products,Non-POS Integrations,ADP,
42662,Adding Location to Alerts,Closed,Low,Email,Question,No company,Emily Carey,ecarey@lancercatering.com,,,Kasey,Level 1 Support,2017-03-14 10:00:22,2017-03-17 10:00:22,2017-03-14 15:33:19,2017-03-14 15:33:19,2017-03-14 15:33:19,2017-03-14 11:27:37,00:00,01:27:15,05:32:57,1,1,Within SLA,SLA Violated,"",,Human Capital Management Products,Timekeeping,CostUtil,
42664,Merged Employee Accounts,Closed,Low,Email,Question,No company,Emily Carey,ecarey@lancercatering.com,,,Donald,Level 2 HCM,2017-03-14 10:47:19,2017-03-17 10:47:19,2017-03-15 15:24:08,2017-03-15 15:24:08,2017-03-15 15:24:08,2017-03-14 10:55:21,00:00,00:08:02,13:36:49,4,3,Within SLA,Within SLA,"",,Human Capital Management Products,Employees,New Hires,
42665,New Voice Message from (404) 965-6290 on 03/14/2017 at 11:22 AM,Closed,Low,Email,Question,No company,RingCentral,notify@ringcentral.com,,,Joey,Level 1 Support,2017-03-14 11:22:48,2017-03-17 11:22:48,2017-03-14 12:03:11,2017-03-14 12:03:11,2017-03-14 12:03:11,,00:00,00:00:00,00:40:23,0,1,Within SLA,"","",,Human Capital Management Products,Timekeeping,Web clock in,
42666,2 accounts conflicting with each other,Closed,Low,Portal,Question,No company,Mario Welch,mwelch75@earthlink.net,,,Joey,Level 1 Support,2017-03-14 11:25:27,2017-03-17 11:25:27,2017-03-14 11:30:59,2017-03-14 11:30:59,2017-03-14 11:30:59,2017-03-14 11:30:46,00:00,00:05:19,00:05:32,1,1,Within SLA,Within SLA,"",,Human Capital Management Products,Setup,Payment Information,4044960833
42667,Contributing to timeforge.com,Closed,Low,Email,Question,No company,Ken Rhie,ken.rhie@mytrumpia.com,,,Joey,Level 1 Support,2017-03-14 13:21:23,2017-03-17 13:21:23,2017-03-14 13:33:12,2017-03-14 13:33:12,2017-03-14 13:33:12,,00:00,00:00:00,00:11:49,0,1,Within SLA,"","",,Human Capital Management Products,Non-Support,Solicitation,
42668,HR And Payroll Professionals ,Closed,Low,Email,Question,No company,Tim Lane,timlane@bizdataalert.biz,,,Joey,Level 1 Support,2017-03-14 13:27:05,2017-03-17 13:27:05,2017-03-14 13:32:37,2017-03-14 13:32:37,2017-03-14 13:32:37,,00:00,00:00:00,00:05:32,0,1,Within SLA,"","",,Human Capital Management Products,Non-Support,Solicitation,
42669,Staff unable to see bid shifts,Closed,Low,Portal,Question,No company,Sherri_milner,sherri_milner@westcare.org,,,Kasey,Level 1 Support,2017-03-14 13:58:30,2017-03-17 13:58:30,2017-03-15 09:02:16,2017-03-15 09:02:16,2017-03-15 09:02:16,2017-03-14 14:59:44,00:00,01:01:14,04:03:46,2,2,Within SLA,SLA Violated,"",,Human Capital Management Products,Scheduling,Bid Shifts,0
42673,Terminated employee,Closed,Low,Feedback Widget,Question,No company,Felicia Centeio,delish1981@gmail.com,,,Joey,Level 1 Support,2017-03-14 20:33:14,2017-03-20 09:26:00,2017-03-15 13:43:28,2017-03-15 13:43:28,2017-03-15 13:43:28,2017-03-15 09:56:43,00:00,00:56:43,04:43:28,2,3,Within SLA,Within SLA,"",,Human Capital Management Products,Employees,Terminations,6787613419
42681,TimeForge Sales Variance.xlsx,Closed,Low,Email,Question,No company,Rallen,rallen@flocomail.com,,,Kasey,Level 1 Support,2017-03-15 07:43:12,2017-03-17 18:00:00,2017-03-15 09:27:12,2017-03-15 09:27:12,2017-03-15 09:27:12,2017-03-15 09:27:10,00:00,00:27:10,00:27:12,1,1,Within SLA,Within SLA,"",,Human Capital Management Products,Sales,Actual Figures,
42684,05 Mission TimeClock can't connect to server,Closed,High,Phone,Problem,GF Buche Co,Jody Kotab,Jody@gfbucheco.com,605-384-3847,,Donald,Level 2 HCM,2017-03-15 09:07:16,2017-03-15 17:07:16,2017-03-15 13:12:26,2017-03-15 13:12:26,2017-03-15 13:12:26,,00:00,00:00:00,04:05:10,0,1,Within SLA,"","",,Human Capital Management Products,Timekeeping,S900,6058564418
42688,PTO Problems,Closed,Low,Email,Problem,No company,Emily Carey,ecarey@lancercatering.com,,,Mike,Level 3 HCM,2017-03-15 12:06:12,2017-03-20 12:06:12,2017-03-21 10:12:23,2017-03-21 10:12:23,2017-03-21 10:12:23,2017-03-15 12:21:30,00:00,00:15:18,34:06:11,2,2,SLA Violated,Within SLA,"",,Human Capital Management Products,PTO and Leave,PTO Balances,
42689,Can't log in,Closed,Low,Email,Question,No company,Parker Anderson,andersonparker007@icloud.com,,,Joey,Level 1 Support,2017-03-15 12:52:42,2017-03-20 12:52:42,2017-03-15 12:55:05,2017-03-15 12:55:05,2017-03-15 12:55:05,2017-03-15 12:55:02,00:00,00:02:20,00:02:23,1,1,Within SLA,Within SLA,"",,Human Capital Management Products,Permissions,Employee Access,
42690,Template making,Closed,Low,Portal,Question,No company,Lisa Phillips,lphillips@prestonpointe.com,919-460-8141,,Joey,Level 1 Support,2017-03-15 12:59:44,2017-03-20 13:05:44,2017-03-15 13:14:51,2017-03-15 13:14:51,2017-03-15 13:14:51,2017-03-15 13:07:57,00:00,00:08:13,00:15:07,1,2,Within SLA,Within SLA,"",,Human Capital Management Products,Scheduling,Templates,9194608141
42692,FOH Schedule ,Open,Low,Email,Question,No company,GM Toronto,gmtoronto@elephantcastle.com,,,Donald,Level 2 HCM,2017-03-15 16:37:22,2017-03-20 16:37:22,,,2017-03-20 18:20:27,2017-03-16 10:55:50,00:00,03:18:28,00:00:00,1,2,"",SLA Violated,"",,Human Capital Management Products,POS Integrations,PixelPoint,
42694,Sprouts 525 - Sales Not Syncing,Closed,Low,Email,Question,No company,Michael Grimsley,MichaelGrimsley@sprouts.com,,,Joey,Level 2 HCM,2017-03-15 16:40:55,2017-03-20 16:47:55,2017-03-17 12:56:54,2017-03-17 12:56:54,2017-03-17 12:56:54,2017-03-15 17:17:29,00:00,00:36:34,14:15:59,3,2,Within SLA,Within SLA,"",,Human Capital Management Products,Sales,Actual Figures,
42695,Mazzio store 128 not syncing sales,Closed,Medium,Phone,Problem,No company,Jainam,jainams@timeforge.com,,,Donald,Level 2 HCM,2017-03-15 18:09:01,2017-03-16 18:00:00,2017-03-20 19:17:40,2017-03-20 19:17:40,2017-03-20 19:17:40,,00:00,00:00:00,27:00:00,0,1,SLA Violated,"","",,Human Capital Management Products,Sales,Actual Figures,
42696,New Voice Message from (919) 427-1504 on 03/15/2017 at 07:30 PM,Closed,Low,Email,Question,No company,RingCentral,notify@ringcentral.com,,,Joey,Level 1 Support,2017-03-15 19:30:22,2017-03-20 18:00:00,2017-03-16 08:30:04,2017-03-16 08:30:04,2017-03-16 08:30:04,,00:00,00:00:00,00:00:00,0,1,Within SLA,"","",,Human Capital Management Products,Setup,Payment Information,
42702,Re: Bug on site TimeForge.,Closed,Low,Email,Problem,No company,Johan,johan@eufonie.fr,,,Joey,Level 1 Support,2017-03-16 02:17:22,2017-03-21 15:29:00,2017-03-21 11:09:48,2017-03-21 11:09:48,2017-03-21 11:09:48,2017-03-16 09:48:23,00:00,00:48:23,29:09:48,6,5,Within SLA,Within SLA,"",,Human Capital Management Products,Setup,Payment Information,
42706,New Voice Message from (760) 730-1123 on 03/16/2017 at 07:32 AM,Closed,Low,Email,Question,No company,RingCentral,notify@ringcentral.com,,,Joey,Level 1 Support,2017-03-16 07:32:18,2017-03-20 18:00:00,2017-03-16 08:31:15,2017-03-16 08:31:15,2017-03-16 08:31:15,,00:00,00:00:00,00:00:00,0,1,Within SLA,"","",,Human Capital Management Products,Setup,Payment Information,
42707,New Voice Message from (570) 585-4122 on 03/16/2017 at 08:14 AM,Closed,Medium,Email,Problem,No company,RingCentral,notify@ringcentral.com,,,Donald,Level 1 Support,2017-03-16 08:14:48,2017-03-16 18:00:00,2017-03-16 09:58:57,2017-03-16 09:58:57,2017-03-16 09:58:57,,00:00,00:00:00,00:58:57,0,1,Within SLA,"","",,Human Capital Management Products,Timekeeping,BioPad,5705854122
42708,New Voice Message from (470) 362-7283 on 03/16/2017 at 08:25 AM,Closed,Low,Email,Problem,No company,RingCentral,notify@ringcentral.com,,,Joey,Level 1 Support,2017-03-16 08:25:37,2017-03-20 18:00:00,2017-03-16 08:30:49,2017-03-16 08:30:49,2017-03-16 08:30:48,,00:00,00:00:00,00:00:00,0,1,Within SLA,"","",,Human Capital Management Products,Scheduling,Daily View,
42709,Time Forge,Closed,Low,Email,Problem,No company,st522accounting,st522accounting@sprouts.com,,,Kasey,Level 1 Support,2017-03-16 08:28:25,2017-03-21 09:01:00,2017-03-16 11:54:20,2017-03-16 11:54:20,2017-03-16 11:54:19,2017-03-16 09:32:57,00:00,00:32:57,02:54:20,3,3,Within SLA,Within SLA,"",,Human Capital Management Products,Pages,Employees Page,
42711,Sprouts 260 Manager can't edit schedules,Closed,High,Phone,Problem,No company,Sprouts Support Desk,supportdesk@sprouts.com,,,Kasey,Level 3 HCM,2017-03-16 09:10:46,2017-03-16 17:10:46,2017-03-16 09:38:13,2017-03-16 09:38:13,2017-03-16 09:38:13,2017-03-16 09:38:09,00:00,00:27:23,00:27:27,1,1,Within SLA,Within SLA,"",,Human Capital Management Products,Scheduling,Weekly View,
42714,TimeForge Sales Variance.xlsx,Closed,Low,Email,Problem,No company,Rallen,rallen@flocomail.com,,,Kasey,Level 1 Support,2017-03-16 09:27:03,2017-03-21 09:27:03,2017-03-16 17:09:11,2017-03-16 17:09:11,2017-03-16 17:09:11,2017-03-16 17:09:09,00:00,07:42:06,07:42:08,1,1,Within SLA,SLA Violated,"",,Human Capital Management Products,Sales,Actual Figures,
42717,Re: Difficulties after update,Closed,Low,Email,Question,No company,Katelyn Reithel,katelyn@brassbellmusic.com,,,Kasey,Support,2017-03-16 10:24:24,2017-03-21 10:24:24,2017-03-16 15:06:39,2017-03-16 15:06:39,2017-03-16 15:06:39,2017-03-16 11:06:46,00:00,00:42:22,04:42:15,1,8,Within SLA,Within SLA,"",,Human Capital Management Products,Scheduling,Weekly View,
42718,Trouble logging in,Closed,Low,Email,Question,No company,Kyle Lindley,kyle@velasquezgroup.com,,,Joey,Level 1 Support,2017-03-16 10:49:52,2017-03-21 12:51:52,2017-03-17 14:07:53,2017-03-17 14:07:53,2017-03-17 20:07:00,2017-03-16 10:58:15,00:00,00:08:23,12:18:01,7,8,Within SLA,Within SLA,"",,Human Capital Management Products,Pages,Corporate Today Page,
42721,Time Clocks,Closed,Low,Email,Question,No company,Emily Carey,ecarey@lancercatering.com,,,Joey,Level 1 Support,2017-03-16 12:21:47,2017-03-22 09:58:47,2017-03-21 13:35:12,2017-03-21 13:35:12,2017-03-21 13:35:12,2017-03-16 12:24:31,00:00,00:02:44,28:13:25,2,3,Within SLA,Within SLA,"",,Human Capital Management Products,Timekeeping,BioPad,
42730,"Fw: Scheduled Report - Farmer's Country Market #711 - Missed Punch Report, by Employee",Closed,Low,Email,Question,No company,Farmerscountrymarketdc,farmerscountrymarketdc@yahoo.com,,,Kasey,Level 1 Support,2017-03-16 15:55:03,2017-03-21 15:55:03,2017-03-16 17:48:08,2017-03-16 17:48:08,2017-03-16 17:48:07,2017-03-16 17:47:36,00:00,01:52:33,01:53:05,1,1,Within SLA,SLA Violated,"",,Human Capital Management Products,Timekeeping,Edit Attendance,6202252981
42731,Sprouts #210 - Employee Missing from Timeforge,Closed,Low,Email,Question,No company,Michael Grimsley,MichaelGrimsley@sprouts.com,,,Joey,Level 3 HCM,2017-03-16 16:29:07,2017-03-21 16:29:07,2017-03-16 16:57:38,2017-03-16 16:57:38,2017-03-16 16:57:38,2017-03-16 16:57:22,00:00,00:28:15,00:28:31,1,1,Within SLA,Within SLA,"",,Human Capital Management Products,Employees,Terminations,
42746,Texas ProStart State Competition Guide,Closed,Low,Email,Question,No company,Texas Restaurant Association Educational Foundation,communications@tramail.org,,,No Agent,Level 1 Support,2017-03-17 10:32:45,2017-03-22 10:32:45,2017-03-17 10:44:35,2017-03-17 10:44:35,2017-03-17 10:44:35,,00:00,00:00:00,00:11:50,0,1,Within SLA,"","",,Human Capital Management Products,Non-Support,Newsletters,
42748,FW: Personal Time Off reports,Closed,Low,Email,Question,Porter's Thriftway,Sandy Underwood,sandy@myporters.net,432-523-9025,,Joey,Level 1 Support,2017-03-17 12:27:57,2017-03-22 13:01:57,2017-03-17 15:25:34,2017-03-17 15:25:34,2017-03-17 15:25:34,2017-03-17 12:36:13,00:00,00:08:16,02:57:37,3,4,Within SLA,Within SLA,"",,Human Capital Management Products,PTO and Leave,PTO Balances,
42749,Charleys - Brea Mall - timeclock frozen,Closed,Medium,Phone,Problem,No company,Gtorres1224,gtorres1224@icloud.com,,,Donald,Level 2 HCM,2017-03-17 12:33:31,2017-03-20 12:33:31,2017-03-17 14:08:06,2017-03-17 14:08:06,2017-03-17 14:08:06,,00:00,00:00:00,01:34:35,0,1,Within SLA,"","",,Human Capital Management Products,Timekeeping,S900,7146430988
42751,Searching database for schedule,Closed,Low,Phone,Problem,No company,St247manager,st247manager@sprouts.com,,,Kasey,Level 3 HCM,2017-03-17 13:40:15,2017-03-22 13:40:15,2017-03-20 14:51:48,2017-03-20 14:51:48,2017-03-20 14:51:48,2017-03-17 15:50:29,00:00,02:10:14,10:11:33,2,1,Within SLA,SLA Violated,"",,Human Capital Management Products,Scheduling,Adding a New Schedule,7606350625
42763,Question about Timeforge,Closed,Low,Email,Question,No company,Shari Tozian,stozian@mefa.org,,,Mike,Level 1 Support,2017-03-17 15:41:09,2017-03-22 15:41:09,2017-03-20 16:30:19,2017-03-20 16:30:19,2017-03-20 16:30:19,2017-03-18 09:23:06,00:00,02:18:51,09:49:10,3,3,Within SLA,SLA Violated,"",,Human Capital Management Products,Non-Support,Newsletters,
42764,New Voice Message from (918) 366-8811 on 03/17/2017 at 04:07 PM,Closed,Low,Email,Question,No company,RingCentral,notify@ringcentral.com,,,Joey,Level 1 Support,2017-03-17 16:07:32,2017-03-22 16:07:32,2017-03-21 09:29:38,2017-03-21 09:29:38,2017-03-21 09:29:38,2017-03-19 08:40:26,00:00,01:52:28,11:22:06,1,1,Within SLA,SLA Violated,"",,Human Capital Management Products,Scheduling,Schedule Forecasting,
42767,New Voice Message from (480) 385-2300 on 03/17/2017 at 04:29 PM,Closed,Low,Email,Question,No company,RingCentral,notify@ringcentral.com,,,Joey,Level 1 Support,2017-03-17 16:29:22,2017-03-22 16:29:22,2017-03-18 09:21:52,2017-03-18 09:21:52,2017-03-18 09:21:52,,00:00,00:00:00,01:30:38,0,1,Within SLA,"","",,Human Capital Management Products,Timekeeping,BioPad,
42768,New Voice Message from (480) 385-2300 on 03/17/2017 at 04:30 PM,Closed,Low,Email,Question,No company,RingCentral,notify@ringcentral.com,,,Joey,Level 1 Support,2017-03-17 16:30:25,2017-03-22 16:30:25,2017-03-18 09:21:24,2017-03-18 09:21:24,2017-03-18 09:21:24,,00:00,00:00:00,01:29:35,0,1,Within SLA,"","",,Human Capital Management Products,Timekeeping,BioPad,
42769,New Voice Message from (480) 385-2300 on 03/17/2017 at 04:35 PM,Closed,Low,Email,Question,No company,RingCentral,notify@ringcentral.com,,,Joey,Level 1 Support,2017-03-17 16:35:46,2017-03-22 16:35:46,2017-03-18 09:20:53,2017-03-18 09:20:53,2017-03-18 09:20:53,,00:00,00:00:00,01:24:14,0,1,Within SLA,"","",,Human Capital Management Products,Timekeeping,BioPad,
42770,Sprouts Farmers Market Store 578 - Shift builder issues - INC0174788 ,Closed,Low,Email,Question,No company,Jose Reyes,joereyes@sprouts.com,,,Joey,Level 2 HCM,2017-03-17 16:50:56,2017-03-22 16:50:56,2017-03-18 08:26:43,2017-03-18 08:26:43,2017-03-18 08:26:42,2017-03-17 18:28:25,00:00,01:09:04,01:09:04,1,1,Within SLA,SLA Violated,"",,Human Capital Management Products,Scheduling,Weekly ShiftBuilder,
42771,employee still disappearing,Closed,Low,Portal,Question,No company,Rustys Surf Ranch,rustysmanagement@gmail.com,,,Joey,Level 1 Support,2017-03-17 17:14:19,2017-03-22 17:14:19,2017-03-19 08:34:47,2017-03-19 08:34:47,2017-03-19 08:34:47,2017-03-18 09:38:13,00:00,00:45:41,00:45:41,2,3,Within SLA,Within SLA,"",,Human Capital Management Products,Scheduling,Weekly View,3105053442
42772,Re: Time correction request,Closed,Low,Email,Question,No company,Jorge Guadalajara,jorge.guadalajara@lassens.com,,,Joey,Level 1 Support,2017-03-17 21:04:37,2017-03-22 18:00:00,2017-03-20 13:42:41,2017-03-20 13:42:41,2017-03-20 13:42:41,,00:00,00:00:00,04:42:41,0,1,Within SLA,"","",,Human Capital Management Products,Payroll,Pay Changes,
42787,New Voice Message from (336) 491-4390 on 03/18/2017 at 10:28 AM,Closed,Low,Email,Question,No company,RingCentral,notify@ringcentral.com,,,Joey,Level 1 Support,2017-03-18 10:28:13,2017-03-22 18:00:00,2017-03-18 10:29:05,2017-03-18 10:29:05,2017-03-18 10:29:05,,00:00,00:00:00,00:00:00,0,1,Within SLA,"","",,Human Capital Management Products,Timekeeping,BioPad,
42788,Password Reset,Closed,Low,Email,Problem,No company,Five Guy's Boone,fiveguysboone@gmail.com,,,Joey,Level 1 Support,2017-03-18 10:31:51,2017-03-22 18:00:00,2017-03-18 12:05:09,2017-03-18 12:05:09,2017-03-18 12:05:09,2017-03-18 11:03:26,00:00,00:00:00,00:00:00,2,3,Within SLA,Within SLA,"",,Human Capital Management Products,Pages,Location Today Page,
42793,Jim Brown not getting scheduled sales reports,Closed,Low,Phone,Problem,No company,Audrey Hogan,audrey@timeforge.com,"",,Joey,Level 1 Support,2017-03-18 17:21:38,2017-03-22 18:00:00,2017-03-20 13:06:16,2017-03-20 13:06:16,2017-03-20 13:06:17,2017-03-19 08:40:26,00:00,00:00:00,04:06:16,1,2,Within SLA,Within SLA,"",,Human Capital Management Products,Sales,Sales Reports,
42795,New Voice Message from (843) 672-6510 on 03/18/2017 at 06:43 PM,Closed,Low,Email,Question,No company,RingCentral,notify@ringcentral.com,,,Joey,Level 1 Support,2017-03-18 18:43:13,2017-03-22 18:00:00,2017-03-19 08:38:08,2017-03-19 08:38:08,2017-03-19 08:38:08,,00:00,00:00:00,00:00:00,0,1,Within SLA,"","",,Human Capital Management Products,Timekeeping,S900,
42800,New Voice Message from (661) 400-8715 on 03/19/2017 at 02:35 AM,Closed,Low,Email,Question,No company,RingCentral,notify@ringcentral.com,,,Joey,Level 1 Support,2017-03-19 02:35:35,2017-03-22 18:00:00,2017-03-20 12:47:13,2017-03-20 12:47:13,2017-03-20 12:47:13,,00:00,00:00:00,03:47:13,0,1,Within SLA,"","",,Human Capital Management Products,Timekeeping,BioPad,
42806,New Voice Message from (843) 672-6510 on 03/19/2017 at 08:30 AM,Closed,Low,Email,Question,No company,RingCentral,notify@ringcentral.com,,,Joey,Level 1 Support,2017-03-19 08:30:30,2017-03-22 18:00:00,2017-03-19 08:38:15,2017-03-19 08:38:15,2017-03-19 08:38:15,,00:00,00:00:00,00:00:00,0,1,Within SLA,"","",,Human Capital Management Products,Timekeeping,BioPad,
42807,New Voice Message from (843) 672-6510 on 03/19/2017 at 08:31 AM,Closed,Low,Email,Question,No company,RingCentral,notify@ringcentral.com,,,Joey,Level 1 Support,2017-03-19 08:31:53,2017-03-22 18:00:00,2017-03-20 12:48:28,2017-03-20 12:48:28,2017-03-20 12:48:28,,00:00,00:00:00,03:48:28,0,1,Within SLA,"","",,Human Capital Management Products,Timekeeping,BioPad,
42810,New Voice Message from (843) 617-9974 on 03/19/2017 at 10:25 AM,Closed,Low,Email,Question,No company,RingCentral,notify@ringcentral.com,,,Kasey,Level 1 Support,2017-03-19 10:25:52,2017-03-22 18:00:00,2017-03-20 12:49:40,2017-03-20 12:49:40,2017-03-20 12:49:40,,00:00,00:00:00,03:49:40,0,1,Within SLA,"","",,Human Capital Management Products,Timekeeping,Edit Attendance by Employee,
42811,floco - store 59 - steve phillips - Sign ON Issues,Closed,Low,Email,Problem,No company,Manager59,manager59@flocomail.com,,,Kasey,Level 2 HCM,2017-03-19 10:32:35,2017-03-22 18:00:00,2017-03-20 15:48:03,2017-03-20 15:48:03,2017-03-20 15:48:03,2017-03-19 11:29:33,00:00,00:00:00,06:48:03,1,1,Within SLA,Within SLA,"",,Human Capital Management Products,POS Integrations,ISS45,
42812,floco - store 69 - sign on issues,Closed,Low,Email,Problem,No company,Joe Sowell,jsowell@flocomail.com,,,Kasey,Level 2 HCM,2017-03-19 10:44:11,2017-03-22 18:00:00,2017-03-20 15:48:35,2017-03-20 15:48:35,2017-03-20 15:48:35,,00:00,00:00:00,06:48:35,0,1,Within SLA,"","",,Human Capital Management Products,POS Integrations,ISS45,
42815,attendance(manage attendance),Closed,Low,Portal,Question,No company,Manager15,manager15@flocomail.com,,,Joey,Level 1 Support,2017-03-19 15:00:40,2017-03-23 09:20:00,2017-03-20 13:45:58,2017-03-20 13:45:58,2017-03-20 13:45:58,2017-03-20 13:06:58,00:00,04:06:58,04:45:58,2,3,Within SLA,SLA Violated,"",,Human Capital Management Products,Permissions,Security Templates,8433800100
42816,New Voice Message from (803) 664-2766 on 03/19/2017 at 03:08 PM,Closed,Low,Email,Question,No company,RingCentral,notify@ringcentral.com,,,Joey,Level 1 Support,2017-03-19 15:09:21,2017-03-22 18:00:00,2017-03-20 15:47:30,2017-03-20 15:47:30,2017-03-20 15:47:30,,00:00,00:00:00,06:47:30,0,1,Within SLA,"","",,Human Capital Management Products,Timekeeping,Manage Attendance,
42817,timeforge,Closed,Low,Portal,Question,No company,Manager82,manager82@flocomail.com,,,Joey,Level 1 Support,2017-03-19 15:12:14,2017-03-22 18:00:00,2017-03-20 15:34:19,2017-03-20 15:34:19,2017-03-20 15:34:19,2017-03-20 13:08:26,00:00,04:08:26,06:34:19,1,1,Within SLA,SLA Violated,"",,Human Capital Management Products,Permissions,Employee Access,803
42818,New Voice Message from (707) 789-4980 on 03/19/2017 at 03:19 PM,Closed,Low,Email,Question,No company,RingCentral,notify@ringcentral.com,,,Joey,Level 1 Support,2017-03-19 15:19:23,2017-03-22 18:00:00,2017-03-20 13:08:48,2017-03-20 13:08:48,2017-03-20 13:08:48,,00:00,00:00:00,04:08:48,0,1,Within SLA,"","",,Human Capital Management Products,Timekeeping,Manage Attendance,
42819,Timeforge Access - Sprouts Farmer's Market,Closed,Low,Email,Question,No company,ST274 Bookkeeper,st274accounting@sprouts.com,,,Mike,Level 1 Support,2017-03-19 15:25:40,2017-03-22 18:00:00,2017-03-20 11:23:57,2017-03-20 11:23:57,2017-03-20 11:23:57,2017-03-20 11:23:50,00:00,02:23:50,02:23:57,1,1,Within SLA,SLA Violated,"",,Human Capital Management Products,Permissions,Employee Access,
42820,Forgot how to log on - new computer,Closed,Low,Email,Question,No company,RingCentral,notify@ringcentral.com,,,No Agent,Level 1 Support,2017-03-19 18:46:47,2017-03-22 18:00:00,2017-03-20 11:37:43,2017-03-20 11:37:43,2017-03-20 11:37:43,,00:00,00:00:00,02:37:43,0,1,Within SLA,"","",,Human Capital Management Products,Permissions,Employee Access,
42828,"FW: Scheduled Report - Floco Foods, Inc. - Daily Sales Breakdown by Location",Closed,Low,Email,Question,No company,Joe Sowell,jsowell@flocomail.com,,,Kasey,Level 2 HCM,2017-03-20 06:41:11,2017-03-22 18:00:00,2017-03-20 11:42:01,2017-03-20 11:42:01,2017-03-20 11:42:01,,00:00,00:00:00,02:42:01,0,2,Within SLA,"","",,Human Capital Management Products,Sales,Actual Figures,
42834,New Voice Message from (575) 623-3412 on 03/20/2017 at 07:13 AM,Closed,Low,Email,,No company,RingCentral,notify@ringcentral.com,,,No Agent,Level 1 Support,2017-03-20 07:13:23,2017-03-22 18:00:00,2017-03-20 11:10:03,2017-03-20 11:10:03,2017-03-20 11:10:03,,00:00,00:00:00,02:10:03,0,1,Within SLA,"","",,,,,
42835,Floco - 42 - unable to clock in employees,Closed,Low,Email,Problem,No company,RingCentral,notify@ringcentral.com,,,Donald,Level 1 Support,2017-03-20 07:27:56,2017-03-22 18:00:00,2017-03-20 18:26:59,2017-03-20 18:26:59,2017-03-20 18:26:59,,00:00,00:00:00,09:00:00,0,1,Within SLA,"","",,Human Capital Management Products,Timekeeping,BioPad,
42836,New Voice Message from (575) 623-3412 on 03/20/2017 at 07:58 AM,Closed,Low,Email,Problem,No company,RingCentral,notify@ringcentral.com,,,Donald,Level 2 HCM,2017-03-20 07:58:23,2017-03-22 18:00:00,2017-03-20 11:39:58,2017-03-20 11:39:58,2017-03-20 11:39:58,,00:00,00:00:00,02:39:58,0,1,Within SLA,"","",,Human Capital Management Products,Timekeeping,BioPad,
42838,Farmers #4 Hobbs - timeclock,Closed,High,Phone,Problem,No company,Leslie Trujillo,leslietrujillo@farmerscountrymarket.com,,,Donald,Level 2 HCM,2017-03-20 08:49:16,2017-03-20 16:49:16,2017-03-20 11:08:52,2017-03-20 11:08:52,2017-03-20 11:09:58,,00:00,00:00:00,02:08:52,0,1,Within SLA,"","",,Human Capital Management Products,Timekeeping,BioPad,5756233412
42840,Daily view - unable to view Saturday,Open,Medium,Phone,Problem,No company,Tksamericancafe,tksamericancafe@aol.com,,,Mike,Level 2 HCM,2017-03-20 09:12:21,2017-03-21 09:12:21,,,2017-03-21 10:13:05,2017-03-20 09:21:42,00:00,00:09:21,00:00:00,1,1,"",Within SLA,"",,Human Capital Management Products,Scheduling,Daily View,2037338034
42841,TimeForge Sales Variance.xlsx,Closed,Low,Email,Question,No company,Rallen,rallen@flocomail.com,,,Kasey,Level 1 Support,2017-03-20 09:29:19,2017-03-23 09:29:19,2017-03-20 11:41:34,2017-03-20 11:41:34,2017-03-20 11:41:34,,00:00,00:00:00,02:12:15,0,1,Within SLA,"","",,Human Capital Management Products,Sales,Actual Figures,
42844,TimeForge Sales Variance.xlsx,Closed,Low,Email,Question,No company,Rallen,rallen@flocomail.com,,,Kasey,Level 1 Support,2017-03-20 10:32:36,2017-03-23 10:32:36,2017-03-20 14:53:11,2017-03-20 14:53:11,2017-03-20 14:53:11,2017-03-20 12:14:21,00:00,01:41:45,04:20:35,2,2,Within SLA,SLA Violated,"",,Human Capital Management Products,Sales,Actual Figures,
42848,Sweet Frog Glenn Mills - Billing Questions,Closed,Low,Phone,Question,Sweet Frog,Greg Gore,ggore1031@yahoo.com,,,Morgan,Support,2017-03-20 11:54:27,2017-03-23 11:54:27,2017-03-20 11:54:27,2017-03-20 11:54:27,2017-03-20 11:54:27,,00:00,00:00:00,00:00:00,0,1,Within SLA,"","",,Human Capital Management Products,Setup,Payment Information,
42850,FW: Time Forge displaying phone numbers for all TM's ,Closed,Low,Email,Problem,No company,Michael Grimsley,MichaelGrimsley@sprouts.com,,,Mike,Level 2 HCM,2017-03-20 12:19:39,2017-03-23 12:19:39,2017-03-20 16:31:00,2017-03-20 16:31:00,2017-03-20 16:31:00,2017-03-20 12:39:30,00:00,00:19:51,04:11:21,5,5,Within SLA,Within SLA,"",,Human Capital Management Products,Scheduling,,
42851,Renfroes - PTO Questions,Closed,Low,Phone,Question,No company,Janerenfroe,janerenfroe@gmail.com,,,Mike,Level 1 Support,2017-03-20 12:32:05,2017-03-23 12:32:05,2017-03-20 12:32:05,2017-03-20 12:32:05,2017-03-20 12:32:05,,00:00,00:00:00,00:00:00,0,1,Within SLA,"","",,Human Capital Management Products,PTO and Leave,PTO Accrual,
42852,Jessen's - Make LJ Lara Location User,Closed,Low,Phone,Problem,No company,Gbatdorf,gbatdorf@gmail.com,,,Mike,Level 2 HCM,2017-03-20 12:35:03,2017-03-23 12:35:03,2017-03-20 12:35:03,2017-03-20 12:35:03,2017-03-20 12:35:03,,00:00,00:00:00,00:00:00,0,1,Within SLA,"","",,Human Capital Management Products,POS Integrations,Dinerware,
42853,FW: Time Forge displaying phone numbers for all TM's (TF Ticket #48250),Closed,Low,Email,Question,No company,Michael Grimsley,MichaelGrimsley@sprouts.com,,,Joey,Level 1 Support,2017-03-20 12:38:42,2017-03-23 12:38:42,2017-03-20 13:31:35,2017-03-20 13:31:35,2017-03-20 13:31:36,2017-03-20 13:22:01,00:00,00:43:19,00:52:53,1,2,Within SLA,Within SLA,"",,Human Capital Management Products,Permissions,Employee Access,
42860,Annual Invoice for University of Central Oklahoma,Closed,Low,Email,Question,No company,UCO OIT Business Manager,OITbusmgr@uco.edu,,,Joey,Level 1 Support,2017-03-20 16:23:26,2017-03-23 16:33:26,2017-03-20 16:43:45,2017-03-20 16:43:45,2017-03-20 16:43:45,2017-03-20 16:30:49,00:00,00:07:23,00:20:19,1,2,Within SLA,Within SLA,"",,Human Capital Management Products,Setup,Payment Information,
42861,Re: Robert Ohrenschall clocked out more than 5 minutes early,Closed,Low,Email,Problem,No company,Michael.johnson,michael.johnson@lassens.com,,,Joey,Level 1 Support,2017-03-20 16:27:11,2017-03-23 16:27:11,2017-03-20 16:41:14,2017-03-20 16:41:14,2017-03-20 16:41:14,2017-03-20 16:37:37,00:00,00:10:26,00:14:03,2,1,Within SLA,Within SLA,"",,Human Capital Management Products,Scheduling,Breaks,
42862,Re:,Closed,Low,Email,Question,No company,Michael.johnson,michael.johnson@lassens.com,,,Joey,Level 1 Support,2017-03-20 16:28:17,2017-03-23 16:28:17,2017-03-20 16:32:46,2017-03-20 16:32:46,2017-03-20 16:32:47,,00:00,00:00:00,00:04:29,0,1,Within SLA,"","",,Human Capital Management Products,Scheduling,,
42867,Fwd: No sales for Traverse City,Closed,Low,Email,Question,No company,Chads,chads@luckysmarket.com,,,Donald,Level 2 HCM,2017-03-20 17:20:54,2017-03-23 17:20:54,2017-03-20 18:00:01,2017-03-20 18:00:01,2017-03-20 18:00:01,2017-03-20 17:48:08,00:00,00:27:14,00:39:06,1,2,Within SLA,Within SLA,"",,Human Capital Management Products,Sales,Actual Figures,
42868,Reset your password on Indeed,Closed,Low,Email,,No company,Indeed Support,support@indeed.com,,,No Agent,Level 1 Support,2017-03-20 17:22:50,2017-03-23 17:22:50,2017-03-20 17:24:34,2017-03-20 17:24:34,2017-03-20 17:24:34,,00:00,00:00:00,00:01:44,0,1,Within SLA,"","",,,,,
42869,Thank You for Contacting Search Quality at Indeed,Closed,Low,Email,,No company,Indeed Employer Support,employersupport@indeed.com,,,No Agent,Level 1 Support,2017-03-20 17:27:24,2017-03-23 17:27:24,2017-03-20 17:36:59,2017-03-20 17:36:59,2017-03-20 17:36:59,,00:00,00:00:00,00:09:35,0,1,Within SLA,"","",,,,,
42873,New Voice Message from (918) 886-7555 on 03/20/2017 at 08:08 PM,Closed,Low,Email,Question,No company,RingCentral,notify@ringcentral.com,,,Joey,Level 1 Support,2017-03-20 20:08:22,2017-03-23 18:00:00,2017-03-21 08:41:06,2017-03-21 08:41:06,2017-03-21 08:41:06,,00:00,00:00:00,00:00:00,0,1,Within SLA,"","",,Human Capital Management Products,Scheduling,Weekly View,
42876,New Voice Message from (405) 615-4330 on 03/21/2017 at 06:03 AM,Closed,Low,Email,Question,No company,RingCentral,notify@ringcentral.com,,,Joey,Level 1 Support,2017-03-21 06:03:33,2017-03-23 18:00:00,2017-03-21 08:44:00,2017-03-21 08:44:00,2017-03-21 08:44:00,,00:00,00:00:00,00:00:00,0,1,Within SLA,"","",,Human Capital Management Products,Timekeeping,Attendance Reports,
42881,Fwd: ALL Reports are showing as SPAM,Closed,Low,Email,Question,No company,Courtney Brown,cbrown@docsfoods.com,,,Joey,Level 1 Support,2017-03-21 07:59:51,2017-03-23 18:00:00,2017-03-21 08:35:52,2017-03-21 08:35:52,2017-03-21 08:35:52,2017-03-21 08:35:43,00:00,00:00:00,00:00:00,1,1,Within SLA,Within SLA,"",,Human Capital Management Products,Timekeeping,Attendance Reports,
42882,TimeForge Sales Variance.xlsx,Closed,Low,Email,Question,No company,Rallen,rallen@flocomail.com,,,Kasey,Level 1 Support,2017-03-21 08:05:18,2017-03-23 18:00:00,2017-03-21 10:33:59,2017-03-21 10:33:59,2017-03-21 10:33:59,2017-03-21 10:33:57,00:00,01:33:57,01:33:59,1,1,Within SLA,SLA Violated,"",,Human Capital Management Products,Sales,Actual Figures,
42884,Nichols Dollar Saver #4605: IP Address Schema Update,Open,Low,Email,Question,No company,RingCentral,notify@ringcentral.com,,,Donald,Level 3 HCM,2017-03-21 08:11:30,2017-03-23 18:00:00,,,2017-03-21 10:23:52,,00:00,00:00:00,00:00:00,0,1,"","","",,Human Capital Management Products,Timekeeping,BioPad,9186896490
42885,last night's emails,Closed,Low,Email,Question,Porter's Thriftway,Sandy Underwood,sandy@myporters.net,432-523-9025,,Joey,Level 1 Support,2017-03-21 08:16:03,2017-03-24 09:20:00,2017-03-21 13:34:55,2017-03-21 13:34:55,2017-03-21 13:34:55,2017-03-21 08:38:50,00:00,00:00:00,04:34:55,1,3,Within SLA,Within SLA,"",,Human Capital Management Products,Timekeeping,Attendance Reports,
42887,Sylett Strickland 60013524 - ADHOC0070260,Open,Low,Email,Question,No company,Jose Reyes,joereyes@sprouts.com,,,Joey,Level 1 Support,2017-03-21 08:57:40,2017-03-23 18:00:00,,,2017-03-21 09:19:20,2017-03-21 09:19:20,00:00,00:19:20,00:00:00,1,1,"",Within SLA,"",,Human Capital Management Products,Pages,Employees Page,
42889,https://realdumppin.org/,Closed,Low,Email,Question,No company,ScheduleForge,wordpress@scheduleforge.com,"",,Joey,Level 1 Support,2017-03-21 09:06:33,2017-03-24 09:06:33,2017-03-21 09:07:21,2017-03-21 09:07:21,2017-03-21 09:07:21,,00:00,00:00:00,00:00:48,0,1,Within SLA,"","",,Human Capital Management Products,Non-Support,Spam,
42890,"Approve/Deny Pending Requests feature on ""Today"" page",Closed,Low,Portal,Question,No company,Beth Hill,le30ap@bellsouth.net,,,Joey,Level 1 Support,2017-03-21 09:08:35,2017-03-24 10:21:35,2017-03-21 11:33:10,2017-03-21 11:33:10,2017-03-21 11:33:09,2017-03-21 09:14:23,00:00,00:05:48,02:24:35,3,5,Within SLA,Within SLA,"",,Human Capital Management Products,Timekeeping,Attendance Options,9105086080
42891,Billing issue with Lancer Hospitality,Open,Low,Email,Question,No company,Sunset Hawkins,sruiz@truno.com,,,Mike,Billing,2017-03-21 09:10:39,2017-03-24 09:10:39,,,2017-03-21 09:58:00,2017-03-21 09:42:30,00:00,00:31:51,00:00:00,1,2,"",Within SLA,"",,Human Capital Management Products,Setup,Payment Information,
42896,location,Closed,Low,Email,Question,No company,Jgoff,jgoff@actionpawn.com,,,Kasey,Level 1 Support,2017-03-21 10:07:08,2017-03-24 10:07:08,2017-03-21 10:16:04,2017-03-21 10:16:04,2017-03-21 10:16:04,,00:00,00:00:00,00:08:56,0,1,Within SLA,"","",,Human Capital Management Products,Employees,Terminations,
42897,New Hire Package,Open,Low,Email,Question,No company,Joe Sowell,jsowell@flocomail.com,,,Kasey,Level 1 Support,2017-03-21 10:23:52,2017-03-24 10:23:52,,,2017-03-21 10:53:34,2017-03-21 10:34:30,00:00,00:10:38,00:00:00,1,2,"",Within SLA,"",,Human Capital Management Products,Onboarding and Certifications,Orbeon,
42899,Re: Report,Closed,Low,Email,Question,No company,Audrey Hogan,audrey@timeforge.com,"",,Joey,Level 1 Support,2017-03-21 11:21:11,2017-03-24 11:21:11,2017-03-21 13:34:43,2017-03-21 13:34:43,2017-03-21 13:34:43,2017-03-21 11:41:15,00:00,00:20:04,02:13:32,1,6,Within SLA,Within SLA,"",,Human Capital Management Products,Timekeeping,Attendance Reports,
42900,E-mail alerts for Sprouts,Open,Low,Portal,Question,No company,Michelle J Allinder,michelle.allinder@comcast.net,,,Kasey,Level 1 Support,2017-03-21 11:38:33,2017-03-24 11:38:33,,,2017-03-21 12:49:47,2017-03-21 11:45:14,00:00,00:06:41,00:00:00,1,2,"",Within SLA,"",,Human Capital Management Products,Scheduling,Shift Confirmations,8138570138
